trial_id,fitness,Density,Prop: Tab Acro,Prop: Cor Acro,Prop: Cor non-Acro,Prop: Sm Mass,Prop: Lg Mass,Size μ: Tab Acro,Size μ: Cor Acro,Size μ: Cor non-Acro,Size μ: Sm Mass,Size μ: Lg Mass,Size σ: Tab Acro,Size σ: Cor Acro,Size σ: Cor non-Acro,Size σ: Sm Mass,Size σ: Lg Mass,Scaler: Tab Acro,Scaler: Cor Acro,Scaler: Cor non-Acro,Scaler: Sm Mass,Scaler: Lg Mass,External Recruitment,Self-seeding
1,0.19356098392337986,8.991387941985401,0.020665513569277205,0.06037565777092575,0.07972549656302928,0.1282538236982591,0.7109795083985087,1.6775267080079437,2.1817394195546473,2.3912964725137673,2.4707576444085464,1.427397643420281,1.1403864355427125,1.166750821641902,1.2454078491996923,0.6223113459192839,1.163938558344394,0.9990691060016824,0.999145719884533,0.9996396284954624,0.9990776814683625,1.000595119796236,0.021160968210773484,0.11143567388370516
1,0.23319054267442307,3.2825088526651593,0.05101996849813925,0.0705044329568474,0.07234609551250155,0.23388805281655758,0.5722414502159541,1.7542753986499362,3.149334232129211,2.6120976160527394,2.3093306135536067,2.6480623015167684,0.9695458372049339,1.0772517905091772,1.256080196314467,1.0301343431194303,1.30683007958712,0.9998900522564642,1.0000892755387958,0.9996829670124815,1.000528714236416,0.9998990251460622,0.12074042463924817,0.046756772213119704
1,0.2422314782465389,4.162610215037001,0.027907699568436816,0.05029180076427397,0.09093079784040589,0.15076344649654808,0.6801062553303351,1.8183543152371475,3.3975388759236984,2.6700803576308783,2.0366890081821496,2.1681566568153503,1.3401864071860743,0.5013407501739182,0.8463713306847978,1.197308381568813,1.0582997844190296,1.0003137317610657,0.9996176411549621,1.0006047642771663,1.0003290538742537,0.9999684513469235,0.044268995642987446,0.10511979702649123
1,0.2507016524916176,5.110532116176462,0.02050563792205473,0.02999375897544547,0.016495986925957263,0.05469565201301474,0.8783089641635278,1.7047076701231298,2.618427345385023,3.6028725829252983,2.845243040165075,1.7841416237437038,0.7614899517596432,0.9783887909919062,1.0443021526749903,0.5202201570149615,1.2687198419922499,0.9994051586123748,1.0003515627517998,1.000122770659424,1.0001920460110343,0.9996636033767589,0.10690884164800953,0.03707456355579328
1,0.2534229685368513,7.813240568571342,0.0294457439444538,0.07992929315211565,0.0199393220516891,0.043680947993218595,0.827004692858523,1.6711639719681455,2.0965514375998806,2.8485102045445707,2.192109908687738,1.9722152988294614,0.6954376048521357,1.070410373086334,1.1024008993142813,1.1976810804389464,0.946306272908015,0.999895134210133,1.0003629334467528,1.0001163068175276,1.0002600912055932,1.0004009184758536,0.040860222676179385,0.027846115542911224
1,0.25888716710268717,5.789451263264462,0.028412521332851784,0.026240832620234085,0.050933896940275426,0.11150734083913284,0.7829054082675058,2.3833148463825524,3.1721336912765477,3.018302165171635,2.2582613574700643,1.9632022791470611,0.4450596339844468,1.2105173085255712,0.500167588731575,1.2391234604945587,1.14385991090832,0.9996631041589495,0.9997323710693625,1.000690407418658,1.000296033598157,0.999648102842147,0.07262593485025844,0.0957620532543258
1,0.26163316589043445,8.013304271693233,0.016263305688447024,0.02435606973291054,0.048590966830304394,0.08799650134550019,0.8227931564028378,1.9441595119605957,2.9182163993038817,2.973767932101773,1.8218658668181271,1.5948811705182873,1.2446129329574875,1.325635588672181,1.2401227662667273,1.2305493233729012,0.9603559808357323,1.0009457428699078,0.9993701075325729,0.9996721071326983,0.999209681203963,1.000712730107962,0.022244378487939392,0.10171845791228586
1,0.26506062218340715,3.3709297058882757,0.04415600603160712,0.1578750582314493,0.12652614333751544,0.1431302923663527,0.5283125000330755,1.8344547617696791,2.7555718634101583,2.383396261473384,2.4589588689358135,2.5878296970153922,1.0004541685732184,0.7394786936858452,1.2480357878947534,0.9497277736296041,1.2508271356451517,1.000826144561074,0.9994599247330095,0.9997710563793722,0.9992467376106038,1.0002104664359266,0.14578772283403613,0.026074504209552925
1,0.26857304789173253,4.294779298210543,0.07371649115217895,0.033255503458288434,0.05905322702582001,0.20175138293529493,0.6322233954284175,2.007638640186196,3.163700966334908,2.9527794214930703,1.7445948457543485,2.223411682375549,0.8212942014837089,1.2290245513138185,1.020265606445136,1.3123890390908133,1.2290139092803878,0.999379743954943,0.9997029653223621,1.0009627223885622,1.0000992568010947,0.999052146529894,0.11867546748700432,0.021810093158691916
1,0.2871114547660718,4.834840790490489,0.026130311402505765,0.012010164662146092,0.05566915448658579,0.10103727282126847,0.8051530966274939,2.2846675978520983,3.881103491050531,2.766049942620197,2.195470703570768,2.211157526351321,0.5692122296044704,1.1656186941333357,0.5316130469815153,0.8182700258034339,1.1155105098558515,0.9996011177361536,0.999326547430106,1.0006451502467164,0.9995024730067322,0.9994440347510476,0.05173977119503325,0.015514445601592076
2,0.2088634950895774,3.728452618741545,0.03416215627544887,0.04853751221892836,0.05193093941641773,0.06481889506064806,0.800550497028557,2.338450417430416,2.6303537616996584,3.2315720951730085,2.7660754030212735,2.37688701946015,0.6332026655485532,1.202032966496765,1.2774228092917963,1.072311683735597,1.3571170629995268,0.9996467110752417,1.0002158084870152,0.9999527777168443,0.9993540166054505,1.0000444697025916,0.08797138714484849,0.10642178060795798
2,0.22138478090026417,6.9855412895348925,0.020457420875305554,0.05760804247280227,0.02220190384332394,0.09020194111826207,0.8095306916903061,1.74492597990543,2.6736019976879017,3.7259058064575528,2.5965388343844498,1.4481061564861157,1.072878559852027,1.0527892551784852,0.7971495539598025,1.3330096581714286,1.2621463404206132,0.9992775226119865,0.9990546187751741,0.9991076535020694,0.9993998549228643,1.0001070732208024,0.05768235618682911,0.09457193913209491
2,0.23000086020170912,2.6612955068964923,0.04603276074785585,0.11465451332284711,0.042983309236582536,0.14490823427439217,0.6514211824183223,2.12475922391343,2.9618062583355322,3.089993946277547,2.333063520596302,3.039217357466169,1.0134622995905422,1.0664255115434453,0.8505599581395086,1.0320510912115952,1.2599910774563043,1.0009853615098023,1.0001979915189614,1.0004505765303795,0.9998791017164952,0.9996675983007839,0.1018149499012467,0.059113332530236616
2,0.23598837768559627,2.564995962273082,0.07319667124029287,0.08173576953723112,0.1273744050713564,0.1599942056962006,0.5576989484549191,1.724048416662262,3.0282506760289536,2.8725805915296396,2.6963421902190055,2.9577766869991855,1.1046129093192625,1.2612683114130454,1.3445572240854058,1.0164885654560356,1.0873542737826272,1.000684121515224,0.9994679744379444,1.0000951833730263,1.0000116735751134,1.0002740214889878,0.055789421906726554,0.12426212323994949
2,0.24717606878751008,2.6608674350271526,0.06330337173633649,0.15840034042309323,0.0783957289239252,0.14690457484979932,0.5529959840668457,1.853419033789406,2.522617034356787,3.064647174840733,2.927102054397518,3.0408253002475116,0.8733279174814397,1.2203434358766239,1.3996527727441543,0.945803167805991,1.1367189725879083,1.0008962011030837,0.9997809498782674,0.9993828952953503,1.0009705231401238,1.0003483966061297,0.050023629790290194,0.1446025017460033
2,0.2577589533379736,3.991722480125243,0.036390967073193205,0.0319704597317494,0.09489769776173457,0.1767667313211215,0.6599741441122012,2.357784192845815,3.730346202676857,3.217558278737382,2.165427591013594,2.574155922064356,1.0895853943738558,0.4615168214547456,0.9244253953221124,1.1093828975942461,0.9353846287125218,1.0001288165397564,0.9990703098523401,0.9990664593233544,0.999886060877423,0.999673607858057,0.018208380775962766,0.10963545013722614
2,0.26168552588942784,3.981668220580154,0.033497660638118036,0.08290999239900752,0.048274134410818896,0.10608251871800502,0.7292356938340506,2.711748168443449,2.5496340591490965,3.725851485898484,2.778991835948432,2.1766613716968104,0.7689528064850967,1.228686748845291,1.2576743840822155,1.3705187353226265,1.3278091428969423,1.00063105296743,0.999492030719253,1.0002347362305115,1.0004564850489437,0.9997400882474642,0.06826088124314833,0.05378113441819741
2,0.26500045654200544,5.2989132874786495,0.043176349104605764,0.06065789733375784,0.06275006048451676,0.16017517520184787,0.6732405178752717,2.090035580159109,3.0520020330526743,3.315321568843433,2.0920140919399937,2.0881005990362076,0.8764402882366139,0.6893220306688492,0.815825569555547,1.2265268794632864,0.9918088634174964,0.9999055187060916,0.9993897319668077,0.9997073260426002,0.9998634908698916,1.0001664431855735,0.05570488761293453,0.07665896739914518
2,0.2694212990420183,5.527527231925177,0.058630458136543766,0.12256096927766628,0.08673916901644477,0.14964592273764526,0.5824234808316999,1.6748348242478306,2.4904694586033624,3.2543726284982073,2.601031765339753,1.9129230356379412,1.166040410464407,0.9497562034678623,1.1560431924610561,0.7337860048066384,1.1123946098366848,1.000466660436516,0.9990972603846261,1.0005611790964843,0.9991459208387445,1.0008145311205399,0.05442352897577776,0.03522731916216471
2,0.2741973385971849,2.664061274956818,0.07361533479164184,0.0960325624545059,0.12268360055914193,0.15482313338764742,0.5528453688070629,1.715675172941948,3.0372718450821825,2.8955958805541466,2.7219461505482374,2.93831099661364,1.0649338386517397,1.362698818327065,1.182170169692404,0.961476590887407,1.0769507615277094,1.0006356586616616,0.9994274597951206,1.0000935967432087,0.9999542381484412,1.0007375112881038,0.054747081561938644,0.13281322398996503
3,0.19239821673412377,4.290574299534283,0.024538550062443737,0.03647330298146025,0.06017188884116963,0.1272988330157579,0.7515174250991685,2.1241305839265574,3.8451947980970864,3.1906799251931353,2.086689999886503,1.7310575896383054,1.0025407343450004,0.8957154341714699,0.5192140026987642,1.3426733998478662,1.3769715341322182,0.9997474512786952,0.9998506461610714,1.0006768890383548,0.9999225511750424,0.999712948309218,0.027215274493996418,0.17296366818209422
3,0.21857712726694623,5.819741264665865,0.04418926120957761,0.03939766799813427,0.08477693949951151,0.13940480080106643,0.6922313304917103,1.470126103750299,2.6574904956660093,2.854133792548352,1.8541307684605197,2.0304126367900186,1.3419559186399221,1.3659461582591514,1.0444968997639432,1.3973008467351873,0.9807983021046036,1.0009727104304098,1.0006347276223655,0.9993764571287753,1.0000721968340733,0.9996282869546139,0.03668483319044096,0.10192654420867445
3,0.2324309768454143,4.138561303524399,0.053821462693841735,0.10659212440019036,0.06161633522158308,0.11946863999549553,0.6585014376888892,1.9228524842827353,1.2739238745935513,2.8455065340343944,2.5343843053997004,2.645402943421521,0.549631570892814,1.382573595773874,0.8762605442680365,0.5612216091402101,0.7847561277111008,0.9994948426410236,1.000378015467364,1.0006913858251545,0.9995680301075679,0.9991008201683383,0.03289281330177035,0.1457065583370267
3,0.24897209580284746,5.039268426958038,0.026769835506341558,0.0414450181657068,0.046573516409182905,0.06962272788981196,0.8155889020289567,2.813600120697444,2.70088577620278,3.7125764487927815,2.9552083030392096,1.6159984392466864,0.5084222792292807,0.9491051308656853,0.9774964337044902,1.2624217292954276,1.2477434211529315,1.0004097820627906,1.0000644161658536,0.999098844009719,1.0003408977033068,1.0009593248374662,0.023904502893546703,0.24524110290204387
3,0.25114914104245056,6.14057999962291,0.05577496800687993,0.13611366252338106,0.05929609615511344,0.07073935609113745,0.6780759172234881,1.7272741018579847,2.8254423505775867,2.612598485702944,1.9877217533051492,1.7296670858674532,0.6529224950875879,0.4912207522797308,0.9793490255975935,1.2754427515615299,1.2449894286530379,0.9997865575625664,0.9993673298252241,0.9990632617189421,1.0004624417519001,1.000308969159951,0.03834295981681654,0.05782868455857369
3,0.2810592001507462,5.587317423666171,0.021673023995367864,0.058668073900532566,0.03024972853976909,0.05383606669302497,0.8355731068713056,2.1464185744925763,2.7247273689204343,3.6548317227764455,2.9229477970760382,1.5093126678342557,0.4930456102350491,1.3414099877988013,1.2548161418546577,1.0976366068972596,1.3894278246355303,1.000067381534302,1.0009059962171507,0.9991608566713848,0.9994398217092003,0.9993993007180526,0.059257439170397025,0.10424146114019502
3,0.28287761015677587,4.743198635187082,0.03763235560441588,0.10015288352601545,0.07001489819628857,0.13694697855634244,0.6552528841169376,2.067367617837458,2.511314082813011,2.033850338794573,2.1283400858254145,2.3709491786903487,0.902044791524748,1.3592849902553532,1.3593489855561949,1.035191761082353,1.0678273427410052,1.0009514423581674,0.9990130042800752,0.99991771123303,0.9995834429609972,0.9993496206143756,0.02798785942077705,0.08883662777527286
3,0.28294767795172227,6.278242624624822,0.008438615413121468,0.08352081131152503,0.08274846689627374,0.08289321578419595,0.7423988905948837,2.6990141820365747,2.997769416774954,2.9913007871190387,2.9326643449353176,1.5964016054146148,1.370873957481972,0.5107070263605252,0.4058484986449691,0.4664435888287761,1.175466641159925,1.000568243454589,1.0001810317153745,0.9992311301918902,1.0003056429232882,0.9998281757948687,0.014952854502955379,0.13751543150308865
3,0.2856737248980376,6.826407104235986,0.010230589368814227,0.03063742525159799,0.05109574302949801,0.07868300736912956,0.8293532349809603,2.726391768171849,2.307539447938398,3.0596288414179997,2.0655434234333865,1.4323369053294503,0.6353608568260616,1.3556496838175471,0.5099535856874498,0.8911834563457316,1.3978805385467377,0.9991398413195947,1.0009520912953878,1.0009225099803611,0.9998754734954363,0.9994672937296026,0.029667731927313534,0.13515071636212775
3,0.28958238808098846,5.087791197082524,0.043775857921579245,0.05152160306767322,0.057646077456025395,0.080297940021627,0.7667585215330952,1.9488284846346002,3.0427762569315067,3.4823087418964542,2.9977127130997587,1.605011660290846,0.8465083894776787,0.7018057405559923,0.5822148018287421,1.0574476879503205,1.2912414287513017,1.0002082586629126,1.0004680598843974,0.9991651207798977,1.000500236618503,0.999475596121014,0.061392580391796986,0.04489721201334569
4,0.2614086195145757,6.029511587303485,0.0529671328697628,0.018560412465234898,0.05830126932588995,0.03682058950424662,0.8333505958348657,2.3925688467481034,3.312418015928644,3.0247940790153263,2.611890190057114,1.4061147083859804,0.42071188045866925,1.3686867540012384,0.9088111484206529,1.1369303211427941,1.3196843527439222,1.0007468423037302,0.9992606861508921,0.9997687997416708,0.9998493151466152,0.9992244030282182,0.006677769908115017,0.11788403056119062
5,0.2294773289679935,3.6745397961937365,0.0428341831534049,0.08775795888298028,0.06730505583857464,0.11720491454269018,0.68489788758235,2.3616507446726756,2.658884207757157,2.860849636895036,2.887253125515931,2.354157773280238,0.4522609179274908,1.2108407252945719,1.0720717769791501,0.650312957866551,1.1670874783717942,1.0008332110772888,1.0007223788960224,0.9993767533625508,0.9997209710563038,0.999145674093866,0.07271403872133972,0.02049557805135275
5,0.23897570286751763,3.348099026148635,0.05099336210099406,0.17983218751710822,0.07313803307663161,0.06077487910054438,0.6352615382047218,2.321563092909085,1.8128782411398485,2.2376334467861425,2.8070792439367667,2.6614937384627404,0.8193516487553083,1.3669647492039652,1.1499725251941944,0.9536275786447691,0.9869579024358355,1.0009075089293527,0.9993100260320221,0.9993981871018683,0.9996558989794656,0.9990508481006488,0.04321933882169452,0.03617397526774903
5,0.24444329065751083,8.41224493422926,0.032660883778046955,0.05454240475570755,0.09256276191929177,0.0888007129922647,0.7314332365546891,1.7796981251284951,3.292913759680563,2.909974435702808,2.1539903599120827,1.6552405554039904,1.2692180755235833,0.5493598781625855,1.2689760885944708,1.267189042531913,0.9450584515726624,0.9990406184174704,1.0009458102485966,0.9994323306256055,1.000661558341022,0.9996617105943125,0.06732326201522289,0.022270870095140984
5,0.24743574208544836,3.591497620604597,0.03856465454482262,0.04625187278293426,0.07788134725283241,0.1638655908194043,0.6734365346000065,2.8290351294289056,2.6077382709979116,3.297266901695303,2.6195263503507253,2.424615516669212,0.45340999407908633,1.2045243783870645,1.3471071231555165,0.8538758639100827,1.1152095995895546,0.999751247409741,1.0007967322826767,1.0002299642287964,0.9995029021970181,1.0007791730834197,0.09443443295767955,0.05015941385584543
5,0.24992340067839192,5.8510080428956375,0.029646167386297752,0.05237749709023134,0.03761567450870996,0.148291003970157,0.7320696570446039,1.459866859124693,3.2167179016439156,2.9688421918152077,1.768716668939485,1.9270378805161843,1.3006971459882442,1.2555493203213446,0.6940756436876162,1.3438397685682488,1.0338681671879129,0.9990698935778646,1.0001584776617247,1.0008190034620306,1.000582901477046,0.999197455366819,0.019156763762601756,0.14307050185400408
5,0.26035201830924276,6.122943008970542,0.049033857913090076,0.02480477634945403,0.041649043573246086,0.07303293185646666,0.8114793903077432,1.3289623406339848,2.833377528673981,2.688361694080183,2.5816779974881277,1.5303825091041763,1.2146698781480132,1.2295125003571112,1.2751894845650302,1.0370682955664348,1.298248161209426,0.9997240228376894,0.9994619910592514,0.9997233107774254,1.0004591549228312,1.0005301617323676,0.022568664171744756,0.1287730650331779
5,0.27078698776402377,4.610861371308746,0.018226328722789807,0.0352791379464158,0.03075039791222832,0.11981033619151696,0.7959337992270491,2.2868698561274563,2.4351043618246653,2.9710319622112857,2.0079588431094244,2.1002019735536765,1.0318823304654732,0.9942467762170285,0.8871105310607265,1.3368530579623272,1.242631031711004,0.9990502799844249,1.0009972521109733,1.0008779270197043,0.9999078312879983,0.9995424289091276,0.04113097073159635,0.10048645307049348
5,0.27544185563588214,3.5970070984700917,0.04940535193365914,0.07866387779027517,0.06386307351313851,0.09101414498557665,0.7170535517773506,2.433331297513792,2.6085489771534216,3.2973310842139383,2.6984339512037114,2.3458863474951457,0.45263123969444985,1.2495171212524796,1.200938757856746,0.8525740066702885,1.197655945244327,1.0008751261280202,1.0006581154399046,1.000226706403998,0.9997873712295453,0.9994445493663642,0.09141875772904891,0.05028216660792079
5,0.27782801894155185,3.079555343247356,0.062179558461665486,0.049417992297858475,0.1278597725834134,0.09418421142955903,0.6663584652275037,2.50468213632975,3.230158941715567,2.2364238732723924,2.5880087146742077,2.5234128785949075,0.4493016326619592,1.277316164024037,0.9253931064893689,1.1511996157366573,1.0715085572692926,1.000413623500818,0.9998407101088113,0.9993148614867041,0.9995902986067612,0.9994594084612173,0.0448274452089808,0.03779626753614915
5,0.2799867501995597,3.9466680309396978,0.0398773580618739,0.08375119324582342,0.06706385313301085,0.1067438529770531,0.7025637425822386,2.274552691499721,2.3118382949206864,3.120483616806446,2.504890954207366,2.554266040017142,0.8085706186157896,0.9236043292007358,1.0625470258903698,0.8616332755132743,1.0710736726587504,0.9993756431175653,1.0002341185508936,1.0002110669455335,1.0001949593607036,0.9990804986821746,0.13740319115216876,0.012340781244443693
6,0.19034739739080755,3.6683982277595266,0.026567359190545,0.06749485852208847,0.04905134804247335,0.08968984379428421,0.767196590450609,2.56284003664682,3.33919746573678,3.076119841628799,2.858580927047467,2.6565811884367494,0.9327626558205262,1.2592510912262753,0.9141038093314265,1.3954334509708524,0.6448796521694364,0.9999573287017335,1.00089854111445,1.0001236388899584,1.0006753803322224,0.999482462728386,0.06516159315151203,0.08655248706955358
6,0.24523767451036574,3.165194021925965,0.04222528542796189,0.09577115844466493,0.07565010192868812,0.14518922845823648,0.6411642257404486,1.8741901996944332,3.122216634139469,2.8689941649284556,2.8010388224530613,2.535850047768777,1.1864759907695157,0.5916622048938655,1.049403501371238,0.8718149324056723,1.0418520398988749,0.9995116206006991,1.000430948215578,1.0007170299495485,1.000601310669497,1.0001881107936004,0.0471911987183574,0.06893572742901796
6,0.24544563456656476,3.6445605051072403,0.046440028575286244,0.030384798401431882,0.0678671116330659,0.0931513486773256,0.7621567127128904,2.719083873637887,3.704212474128804,2.9722800221483814,2.989187315218138,2.761516925798307,0.4430874794676262,1.122714429815719,0.9134199623628407,0.5443720740492919,0.6529291048825978,0.9999046495157876,0.9999114633076238,0.9999048632549853,1.0006056687552243,0.9999332391841235,0.032483917861043585,0.04948742040517916
6,0.2581817344928876,3.8830914165874337,0.036533962015307724,0.021352522118669358,0.08645642164773827,0.16597505143505145,0.6896820427832332,2.2947922433283474,3.540441033588515,3.743793751763295,2.2990040174173845,2.2366067593057353,1.0032560324209152,0.9758256211098685,1.185098038081812,1.3687971001303525,1.2110615203659443,0.9997445724146956,0.999331425514827,0.9993364159136434,0.9991776018861809,0.999300441042391,0.027284402806979663,0.2003215095970071
6,0.26315463194785077,3.0471605288901644,0.03446968977940132,0.06678419807862501,0.08146519860179241,0.09848322152019424,0.7187976920199871,2.8348554037440987,2.6907921499002088,3.5354427976520904,3.0857449767551186,2.4930115956148877,0.4225566423656293,0.9170435946246231,1.0666661648810207,1.1520000389738734,0.9137522138040869,0.9996740834530092,1.000785871126696,1.0009884071104889,1.0004247310852656,1.0001174199416163,0.01572691346485345,0.2787138082775191
6,0.2642406108757172,3.635848220993265,0.05735134655148953,0.08221757970049931,0.08802640457110979,0.12377440273292448,0.6486302664439768,1.7703930938202999,2.4299943525323773,2.372072542809596,2.521941659696939,2.5058269164600486,0.7240923906888207,1.114647900186233,1.2249404184707695,0.6744374679435524,1.183689319472968,1.0000792968127936,0.9993487168848393,1.0005555957671626,1.0005200194637391,0.999493933640615,0.03014084924293804,0.2551032518808809
6,0.2663007735450233,4.234760294744761,0.05409936425439889,0.07831142537630335,0.08797205172662914,0.10124816191676748,0.6783689967259012,1.921800886866433,2.835105637096205,1.812091929480836,2.387946810271176,2.252165569434064,0.7093625248153399,0.5622171026381952,1.1035161882747375,0.6958492062078794,1.3192074256329256,1.0001016483560576,0.9994112888426528,0.999971928487206,0.9994396905906812,1.000361595175216,0.03135593241058066,0.08381354184840976
6,0.2716996574454378,3.0522268243275157,0.015871139948139545,0.0870259699123338,0.05738755402938417,0.15031178102653686,0.6894035550836057,2.667310751520532,2.794217792499949,3.3761075124340465,2.612611105556758,2.3021237487083677,1.0443063150069243,1.3488788298958907,0.5583365025959998,1.0389036644797662,1.164592754352372,0.9994665501390192,1.000247646186944,0.9992636727273458,0.999754378597785,0.9990028654043062,0.05932536988276328,0.09664692912419419
6,0.2768620711745324,2.289045629160804,0.019987957171668368,0.0860728431503335,0.04665208220258337,0.1078497695837551,0.7394373478916596,2.612288171908145,2.95587829896065,3.354475418898824,3.0316894276070774,2.8261144353494716,0.5256202603488569,1.3467000145185395,0.9506447425116296,1.3516240381136568,0.9319925293907365,0.999611136777941,1.0009116847932553,0.9995973384312997,1.0004609823167185,0.9992121845947735,0.1206058547786038,0.10543204860806292
6,0.28011107468907354,3.9032464281483876,0.019832102498470366,0.10058202363470943,0.0670987883555318,0.12454428622341235,0.687942799287876,2.897553088748632,2.2639540161845035,3.7758191746538223,2.7144451737096493,2.219926117259014,0.8137029409576803,1.2680468111017527,1.2072386102288521,0.872102430805971,1.3909936138978218,0.9990408598673058,1.0008153444557435,0.9999773401577748,1.0005619626112146,0.99937206285295,0.0531669641676483,0.09311886586617107
7,0.24289531824716618,5.793447695801254,0.05615049754845857,0.029612271564501778,0.11400919572659461,0.1483094569660584,0.6519185781943867,2.0990225462912107,3.821867224502332,2.736066574492903,2.667632243160967,1.6731706250605016,0.7449831612762589,0.5153175438297186,0.5822203193757836,0.9323909112358589,1.3217512474739042,0.9990200050899621,0.9999358821765695,0.9998242621365911,0.9993243970680699,1.0008639745198427,0.03074777148663591,0.13688194772635795
7,0.24699412382212008,4.4640867564846545,0.057935593015706874,0.060040595966626455,0.0795601372428884,0.17245087771841097,0.6300127960563673,2.304813005432258,2.9350283104620263,3.1244634164861145,2.2629011755399135,2.0454012665013357,0.48629993853144143,1.007563993517676,1.1173361964067525,0.8980104818158539,1.3464440147784453,1.000005605301745,1.0002054495251842,1.0005397672670266,1.000710618203337,1.0006465850434465,0.02109976563601075,0.18942061376075287
7,0.2565607698842969,4.927312330754356,0.03616763805576321,0.03744404795602374,0.07650970012403574,0.10294911640018883,0.7469294974639884,1.60800558461549,3.306930613209767,2.9636819866622632,2.780299437758904,2.019025501432985,0.826271965939793,1.3633788937180373,1.3329209313839643,0.7651369550083706,1.315500144573866,0.9998325240220557,1.000518834035106,1.0006702257341737,1.0001193245523774,0.9990237848569157,0.027115473947838642,0.2466212309561348
7,0.259477229831855,6.7533489857334,0.03863890949135097,0.1413046229075978,0.05090546860354446,0.16349421581679455,0.6056567831807123,1.8142483621700056,1.611447820399176,3.2528374896740653,2.6651362397988207,1.8942435553268315,0.8372273459812833,1.1022132717765223,0.8549843089430151,0.5006953197993358,1.312044039884914,0.999767129371753,1.000060610384378,1.000877831051647,1.0003710353647117,1.0007415091888494,0.022329702379920293,0.24483421567989538
7,0.2596752171802297,6.405258988321189,0.026262283959626775,0.03505224715157101,0.06316271555121826,0.08576359883408351,0.7897591545035004,2.53861848190409,3.014185582237274,2.873264103953838,2.8201576199265697,1.817236134218362,0.44019176720970166,1.0172833989325798,0.8040155700711389,0.45598288087018785,1.0288337380339163,0.9990089155257741,1.0004731261481854,0.9998647361115173,1.0007715491575193,1.0001451589482517,0.04390881041141628,0.05038165367371501
7,0.2619109747219379,5.529545591517975,0.04849834454217196,0.17990870140353807,0.04191963473249557,0.1091682770386124,0.620505042283182,1.6599395667182155,2.0533956124204833,3.6938479813358875,2.759474181001801,2.0883280069414965,1.2855499710481668,0.937021996733245,1.3620668890608492,1.217710887755769,1.0535040544342131,0.9996723341859578,1.000086850553293,1.0000372105817847,1.0007256841258894,1.0002189404041149,0.029637305669363664,0.06428717346755966
7,0.26241273801981946,6.239975287973248,0.022388533898101012,0.025122567916951857,0.05763052796797053,0.15104018073520273,0.7438181894817739,2.5743135960625594,3.3014324192611024,2.927339118317467,1.9996030840093353,1.6360976108977834,0.8243093978284584,1.34744356786422,0.9731374154793867,0.7689948879911429,1.2319178224925693,0.9998649505132592,1.00038905125631,1.000577191710626,0.9995080112172093,0.9990585897910067,0.020651767741157984,0.1241337583269497
7,0.27781705105559673,4.508477014040016,0.04038270783484677,0.10108713504817865,0.05897000988089495,0.10942569977606514,0.6901344474600145,2.266598589674293,2.899446116008483,3.3630960056999184,2.9270836445895796,2.3863257865126832,0.6427546055995974,0.6541053703226274,1.3034501300673502,1.027414532927007,0.8211373862831111,1.0000690163843078,1.0002116235114038,0.9994388086067273,0.9994072599325965,0.9998612168712685,0.03513920004609125,0.10053286756018362
7,0.28087352650940345,7.547037574261222,0.04081154727060814,0.040020528142804726,0.02072253624278984,0.04985010564110685,0.8485952827026905,1.0796314265280396,2.8041188391291367,3.4476607507070955,2.4033602040412503,1.7994456082148744,1.1925093286561461,0.9116501373141732,1.1677804526413553,1.151712707436777,1.0781665042450401,0.9997523440610191,1.0005521967392978,1.0007526114128165,0.9994024608034601,0.9997792538653202,0.05366710076666021,0.017245126565269577
7,0.2817027365318695,8.69856791556681,0.07132174953871136,0.02640656206900545,0.025909917257221565,0.26801627902236236,0.6083454921126993,1.255472483873579,2.6345617491773137,3.4869114413185778,1.4043078759919687,1.6001488524445762,1.25406969331816,1.1073296145631781,0.46807887269168624,1.0889680503577162,1.226409956792883,1.0009695266721523,1.0008812444511548,0.9990826146318806,1.0003568144698467,0.9993702036470523,0.09216191320360986,0.018541520410390606
8,0.2031864608214651,4.327503949831475,0.04142766832845604,0.0787633932385127,0.04264186321765748,0.160356729372545,0.6768103458428287,1.765531854460717,2.8819653552687874,3.621743397319093,2.3202972213327264,1.8028453973538134,1.1139601784622188,1.3172526213648577,0.8932462647498527,0.9140840869422135,1.2591614546396375,1.000563068567928,1.0005718901357619,1.0006320996547924,1.0003800922731918,0.9995783861797494,0.019872652233244543,0.28442956195080915
8,0.21613965234808524,8.247155824083471,0.03829589686080589,0.09324576911631974,0.04308985855246681,0.0658903412959306,0.759478134174477,2.0493790022307214,2.0127481755862386,3.306950133832614,2.6872445757034655,1.6207424482584443,0.9224017706287877,1.0488432964243788,0.4013974766051744,0.8287898199611414,1.0270936980800491,1.0006603489815362,0.9993310196575586,0.9998951600912733,1.0009576891482692,1.0004144827830206,0.06108952868775604,0.06244766129740964
8,0.2509968019592446,6.238152888899899,0.056747943893782044,0.14998942230435583,0.03834330878884349,0.0698829871472899,0.6850363378657288,1.775589618867053,2.59864221230119,3.509713313290267,2.985856384792146,2.203526408813757,0.8804391674998545,0.6206620708562132,0.6218640835518104,0.7215356336689296,0.7737145228342791,1.0008909786652163,1.000859124152657,1.0009875358586084,0.9998665407111531,1.000269016174768,0.0043655899437295455,0.05654921831840329
8,0.2598874143420247,4.778133767630203,0.03343485478308031,0.04594915006310805,0.03489951037361801,0.08119059281546429,0.8045258919647292,2.011463530448534,3.0871574683679843,3.6894709743150615,2.68961799212771,1.8414299964977932,1.0481016856927072,1.3087891993988439,0.9443075139557142,1.3845224638928633,1.2479584139512025,1.0006951722578972,0.999872772181552,1.0005182479741717,1.000869816386364,0.9996997149244928,0.04194042400124747,0.15293970864272471
8,0.26017056878837125,9.354196655512213,0.0481331781853831,0.027118472241020083,0.08268222273251705,0.15875866549667494,0.6833074613444048,1.5692992112464643,2.194508613167956,1.6574016540970582,1.3408701019375833,1.554140543029141,0.4801911139515159,1.374965129649819,0.8792342182384678,0.8754601413917323,1.2867509599339886,1.0003188557565963,0.9997435043517947,0.9996055087210006,1.0005445308571883,1.000710178841073,0.13390934073160599,0.05058587881210429
8,0.27854868325299,4.219397657420191,0.04110289845654716,0.134713383329063,0.03959695562389472,0.04472896159627842,0.7398578009942168,2.5091032075627275,1.6516378155056384,3.1118646926542115,3.0935345600933966,2.1305488117720643,0.625982261735744,1.3624749050133653,0.8162508240462405,0.7715451464676106,1.1589127282155571,1.0006671281690496,1.000999399747241,0.9997178482120752,0.9996266667590925,0.9994457771204777,0.027353153821171258,0.0395771748302732
8,0.2857064275977681,3.444577130827319,0.03859362788561177,0.09946414002442905,0.04001299289205577,0.11828451077645404,0.7036447284214493,1.6533697134158152,1.8641248632740959,3.650548026185597,2.8261200985841035,2.495282957255962,0.9401140668684588,1.2835173051224618,1.0325889299554212,0.5271319031243362,1.1955689950759163,1.0004503009899794,0.9995074780246218,1.0008193465204176,0.9994490656676707,0.9993805407056736,0.020063534783167667,0.18394364109320757
8,0.28679659520751566,2.501546733619775,0.0683760724973198,0.1319144608644486,0.08381119777746136,0.13567127575930116,0.580226993101469,2.0839089451311077,2.5164544736569576,3.6957628142398162,3.050285366830287,3.1388224873006045,1.0365554977793625,1.0111503701821902,0.8576763990904042,0.735006425532084,0.7457617112237954,1.0006789318126654,1.0007794182825458,1.000464426297048,1.00018837915917,0.9997326233190378,0.04442908288920313,0.1280332231614726
8,0.287319648987726,3.2044975175950854,0.01402246997523156,0.04253832771652905,0.07785096347163,0.1550898873560232,0.7104983514805862,2.6390241426447414,3.9012998815110955,3.5874170504406133,3.0936045393771106,1.9828293622359174,1.04049764005299,0.7042448834063084,0.5540866530414343,0.5159609291124077,1.0641373949876882,1.0004099423520716,1.0001371064106352,1.00000717435549,0.9990724798454358,1.000033219589535,0.08170969400008928,0.05295289774960229
8,0.2916519445483753,2.5407413051280603,0.04945254793119261,0.14364743577087072,0.04090889967730074,0.14859594308472532,0.6173951735359108,2.6075737304051705,3.193626995620579,3.5668757830188937,2.9263229193409117,3.063485686472617,0.8635084697581938,0.5179081110222833,1.17868846626777,0.7090097885210489,0.7640669185432938,0.9999778306693166,0.9994248235741667,1.0001378058420345,0.9993674074855744,0.9993500148684518,0.0411598235824991,0.13500615522921658
9,0.22029350619013432,5.396813956086389,0.04330824700130527,0.0436116376549728,0.10199548825242559,0.11537070279141114,0.6957139242998852,2.142176297862398,3.539840532037924,2.039503063892341,2.4895048352727573,2.342871785609846,0.6918908722705316,0.7483743332943178,1.3991620373865963,0.9946391343316463,0.6520863048265211,1.000192108175402,0.9998680857824693,1.0003806241368778,0.9997865656347079,1.0002150838146837,0.022985136780440157,0.07158277573666519
9,0.2276663345474545,2.474187334162189,0.054874952376514276,0.05257109414459127,0.07821586702744333,0.18337877187705032,0.6309593145744008,2.5327065203681154,3.736716714351503,2.8384834438086295,2.5198434610363467,3.1654491144757952,0.4960972166678215,1.0397689101409768,0.8099599338198051,0.8821580591999284,0.4611071438977026,1.0007218608075774,0.9997670818002191,0.9996302721972364,1.0009710414862096,1.0005744748256158,0.06897205067185745,0.08686885504559388
9,0.23726520730508668,3.1892326843947973,0.03906129847299223,0.10435575330676708,0.0646905223525753,0.1339267736459548,0.6579656522217106,2.6873274335153083,2.1919812595418273,3.1694619433493387,2.341955115381956,2.820018684895098,0.5362105411572109,1.3824127328370959,1.1213191075130147,1.1154051815469073,0.7527720518318027,0.9998931117884847,1.0000759961201302,1.0002344904456175,0.9999614394864137,1.0000265272797704,0.034627872387940545,0.10986920161960628
9,0.2424817669030673,2.8156382444891985,0.06659707652955164,0.06841210757130449,0.06497154580393694,0.12750075860632937,0.6725185114888776,2.1715542022140837,3.2808017605602626,3.095519169640241,3.0358111072514506,2.9632765526321556,0.798541848939855,0.5896998110966424,0.9814063379394755,1.3449060059974334,0.8651531600639764,1.0009027423348513,0.9998647050361033,1.0006591012592192,1.0009250601114235,1.0003378477309328,0.05156636073602296,0.2083619639506209
9,0.24271821248779152,2.1798237632067328,0.037890034315578774,0.15539865064747413,0.03474390623055517,0.1614186299643395,0.6105487788420525,2.3466914476896337,2.419357074899392,2.88364812772562,2.6412992895036442,3.241088437176428,0.42687865829595373,0.9138678387795452,0.8063665090234138,0.8168649910749975,0.8488508056567619,1.000949072573646,0.9999546089069371,0.9998972146124664,0.999226633815792,1.0003845237256543,0.06908392866209084,0.1035167528709429
9,0.24391402629690137,2.446340419686887,0.042660002769942376,0.043997847620402514,0.08144292800593203,0.10467208311092652,0.7272271384927966,2.7050751713172825,3.232459138228655,3.1256658286389833,3.0487385927802078,2.9643828843956666,0.4540209498955094,0.7867769756793334,0.7170074522141909,0.6771605021849243,1.0304937407069255,1.0007168905959942,1.0004540233066828,1.0005481571320423,1.0006346272957003,0.9990291948808354,0.05647570723560755,0.14097952191118135
9,0.2516965034908798,2.023943562971404,0.03771642882708627,0.09632227703753064,0.083972922315798,0.12024180665028864,0.6617465651692964,1.994549666304185,3.6125110111654397,3.1377785324178915,2.931554158155557,2.8275380032383937,1.123967675588911,1.0984586162199552,1.384403300894615,0.6190043889599983,0.9138028465086661,1.0004416811713315,0.9995990656300826,1.0006630969241945,0.9994343321940264,0.999968365331622,0.058541620850173184,0.14851981255573982
9,0.25464034080884135,7.749400888741668,0.02500695951615039,0.08818341698252866,0.042746048068111046,0.10924751461867459,0.7348160608145353,1.337310818497807,2.686633635737288,3.0084388036169547,1.928031421206877,2.017033302020759,1.1368665078953228,0.7750015691325378,0.5827722579318475,1.1193212704103979,0.8858853428195085,0.9998569630724099,1.0007413056697732,0.9991963643982588,1.0001526011686932,0.9997111379068401,0.08615852422782538,0.02209384260789277
9,0.2622965119905795,3.9875480741945943,0.05143420246091617,0.08635274535331197,0.09165445219340554,0.18368890269306773,0.5868696972992987,2.3281337280685794,3.088313427849225,3.170485959793435,2.7257590394744735,2.2539536680935397,0.9186430308781859,1.2881883445465934,0.518844021799023,0.58398213612198,1.1058139567163994,0.9991545090666771,0.9999933490460353,0.9998724981815652,1.0001235433972626,0.9999184355820201,0.027282985779268996,0.13227866051137258
9,0.26507198640386753,4.411735449506248,0.03589779104731457,0.015344206749408864,0.04953196250933594,0.04934887613473777,0.8498771635592028,2.3773797078374517,3.658868108518299,3.4525287346608065,2.863749143298822,2.0142967820737483,0.5064026115238414,0.8056439778158966,0.9483871372000882,0.8139132508506228,1.2797435324475024,1.0003959958913309,1.0005540384265559,0.9990485833842233,1.0001373960481625,1.000622636817222,0.05380608011025277,0.026129276233956916
10,0.198781686549642,2.3700017365968438,0.05941260523912008,0.15238182270725642,0.08134633769139159,0.08873788232359456,0.6181213520386373,2.0889425153924948,3.043925763720082,3.329819203467253,2.6713429650808,2.8202414468996735,0.8929732898983962,0.6478623650888584,0.729003084309533,1.164516015773055,1.1119691459968322,0.9994880912079009,1.0001461206109414,1.000994326956399,1.000016341606697,0.999738671576045,0.06967231470864652,0.10595403130951125
10,0.23753277757925953,3.259286821478624,0.036025841320595164,0.1211740610516406,0.1037440732705244,0.09366279008538614,0.6453932342718536,2.3158421295630895,2.7513642890695573,2.688913726059505,2.202739757621617,2.6036717332031176,1.0455271015987146,0.8586999552524981,0.6128043245080245,1.3267034849578476,1.046195661779791,1.0001928813185355,1.0009025787192238,1.0000005087508665,1.000051503088668,1.0008723000212847,0.034316638135757284,0.10625729802622566
10,0.24799023984154162,5.501597681729046,0.04339933623600695,0.028661862026749935,0.08652870639864625,0.2635447353143097,0.5778653600242871,1.4108720106139443,3.3478398877241666,2.800980351852395,2.3454283796664486,2.2811677004854256,1.3021805863163474,1.249378785663764,0.7651420961379563,0.5070331591430197,0.9855505543434133,0.9993857915576863,1.0001576670064989,1.000084973696511,1.000537662847812,0.9992058064589813,0.03185942237364484,0.10529966608158499
10,0.2485047935423854,2.091447030564479,0.026934627724418566,0.18499456010080575,0.04190522289725402,0.1429008631238395,0.6032647261536821,2.5420544014256454,2.6066104862227757,3.4354860683103228,3.079471989957888,3.2734434913348647,0.8777846700591233,0.8801801952604105,0.6337362549458936,0.44991472435057,0.7660153148527872,0.9993601975735277,1.000416805112377,0.9993991398253109,0.9995995760095664,0.9991137739598921,0.04503922822858855,0.13671852094294887
10,0.2552799114597886,3.4516917941779575,0.035764071278135905,0.098354833319538,0.10771258591894087,0.09797362542988527,0.6601948840534999,2.3307750696055916,3.424871561316897,3.133192223876374,2.861848486960181,2.126886131800479,0.7970625387121835,0.6716198167506527,0.5714909765678081,0.6916910857316412,1.207985631241589,0.9992465872110986,1.0009284854534704,0.9998217347734131,0.9994459442211703,0.9990830357675659,0.027598190476190283,0.1866154020846284
10,0.2652770159184648,7.040255505846924,0.025281852715856958,0.03646601104280614,0.09868077915532958,0.09274055599147626,0.746830801094531,2.0081468410715932,2.2690068926671723,2.2092964811223537,2.117486812722672,1.7187434767821994,0.8987549671341138,1.195492776820739,1.243828344344894,1.3138253221774063,1.1012495532923514,0.9998134728865059,0.9996129992682771,1.0006037786340143,1.0003526953214874,1.0003239640181296,0.008295842590478678,0.24043295121722835
10,0.2700505479970331,5.253865125330975,0.04792688235596282,0.10542183181655651,0.08452244716599769,0.13895618790640707,0.6231726507550759,2.3356625609751687,2.229357457449495,3.3660425334539337,2.2612882838861923,1.6110733492875007,0.774639740293547,1.300648677746156,0.7168276427870077,1.235690030493008,1.0717518591074886,0.9996798189374819,0.9998222460317817,1.000493412404426,0.9995335988672072,0.999333468511414,0.07794355897631568,0.061092995797522864
10,0.2740167233754043,5.142412889314688,0.024509273495323065,0.026489606720523494,0.03977458991841728,0.17457032883562998,0.7346562010301062,1.9674375833248439,2.975575622646412,2.8868716884712455,2.6153943811164626,2.2400713827379644,1.2623875329079333,0.6602766535251697,0.78846417901091,0.6817050313283836,0.9332905801075017,0.9993109484174068,0.9999517456680974,0.99921273466211,1.0004278092159922,0.9993859865686711,0.0219566093654769,0.2734785437381112
10,0.2796392379786111,3.042036272376776,0.04466377918905674,0.11223727623031407,0.08174236417674152,0.09940556192792467,0.661951018475963,2.714044836535429,3.3624486897977945,3.523819913304991,2.8179926901254273,2.451102001801325,0.8675060624257211,0.41377610152963296,0.9848453111056718,0.7940034480105874,0.8959168195279161,1.0000741222535994,0.9991228185782778,1.0005297435489107,0.9998544151987322,0.999049307354804,0.07986247090933782,0.05455596665657092
10,0.2796922918772282,2.1847246828306384,0.07534644139389572,0.11074780281680872,0.06716940682424878,0.22324754116406395,0.523488807800983,2.533192546498584,2.9618455712248912,3.720704158122878,2.169090267616915,2.90640754194283,0.6792197162184205,1.2304723509316497,0.41760508970965937,1.3934373557381041,0.923018824617179,0.999992939173153,1.0000888803998258,0.9998314622559027,0.9997207269434436,0.9994457124430696,0.07452980275114562,0.06202421380974049
11,0.2342296561219012,4.433418296150338,0.026666872206059566,0.09915525557788056,0.08123235744630913,0.16908413590380778,0.623861378865943,1.8739151413146535,2.589848202862498,2.906968346437632,2.000311522743179,2.2173833810725467,0.9112926046575094,1.024150724222124,0.4146101215168301,0.9203873480100381,1.2150785645210032,0.9995914484924209,1.00052063822997,1.000325723208513,1.000390383253553,0.9996992177302327,0.12537246877117458,0.05833623518214278
11,0.24029109306887358,7.198655727927436,0.04162929979471889,0.09713606440538786,0.05868526768243538,0.060802566740294384,0.7417468013771635,1.4221686345608486,1.760396891345145,2.778992748257295,2.693580025044006,1.7990392287285588,1.0730736457323706,1.2217889001203766,0.953335037479829,0.9053148851584197,1.0418315299100989,0.9991720960885131,1.000398315345147,1.000149052214097,0.9996253761654417,1.000167713303961,0.03250627053835676,0.021585811958932964
11,0.24118915375795916,7.257940408370106,0.029296436392956905,0.009265771048743422,0.060455858351758936,0.08732680808483254,0.8136551261217082,2.105754872466016,3.8958514694247492,2.5469433428523995,1.7305101984839224,1.4128183341433518,0.7429136323138678,1.1725464304843503,1.1741192119587824,1.3519435247659526,1.3183409448747625,1.0001442686500648,0.9998176789500803,1.000048514552677,1.0007900939046708,1.0009592072476285,0.016587157084704963,0.18874865275739897
11,0.24127768956723272,5.609363028598966,0.029671285127958958,0.013077927491129888,0.06670820952641185,0.0866025177432751,0.8039400601112241,2.2402618252654336,3.8930569295017907,3.181810904244881,2.3120949388077454,1.6663977936496266,0.9555949743723549,1.0865428219845263,0.7782283108574565,1.388130941035337,1.1589856683378446,1.0001130502796474,1.0001385597986618,1.000539730718199,1.0006474566814683,1.0001455966035853,0.015651246197764167,0.2632331048451855
11,0.24613837755048062,3.841109247659354,0.026728564982995074,0.09618519665864401,0.084394650896356,0.03432130886107997,0.758370278600925,2.097795651279642,2.3543308944406016,2.989067027063873,3.098767737394611,2.233993801995649,1.1670993802849317,1.3320853552616367,0.9912071071464281,0.8953289273509086,1.2296529888473502,1.00065017053164,1.0008007821790337,1.0001787057966391,1.0000037729667126,0.9997940599268395,0.10669140247185163,0.047455158639508485
11,0.2488253584343057,3.751035837624403,0.03865904804847687,0.1024681616830955,0.062102374455527465,0.11295533781760497,0.6838150779952952,2.2699499430477674,2.4463643042001895,3.7270879097767393,2.400087098536324,2.836569536296489,0.7929789199445931,1.166898438003455,0.7216049284599209,0.9380600625227563,0.650500859835776,0.9997090844397271,1.0002275215834318,1.00041867899384,1.0005302693626956,0.9994661951967749,0.03152632970942519,0.13911250284066717
11,0.26219601559637873,3.1796698245088098,0.026280192800149357,0.16288907662484306,0.11005614875598853,0.08468081311362,0.616093768705399,2.400276914810063,2.5752361316738943,2.6921611476499208,2.8841708542554727,2.380054024631036,0.6686626628109215,1.3839741120248144,0.7400371774025994,1.0818574738164144,1.3335512091367845,1.000513232720413,1.0004306251901198,1.0005964405514953,0.9999825812744124,1.0008734200927925,0.11330584643996837,0.05785195324236719
11,0.2664324641094028,2.2163647958973884,0.02559585093324667,0.1301071393351359,0.09523655872635355,0.07599526132896524,0.6730651896762987,2.3136428448515933,3.527219993211385,2.657302041182527,2.7050054865383872,2.5456664357796113,1.253803113292206,1.3677092134226347,1.0029800778569764,1.0193528232857156,1.2703301876044195,1.0004748363149363,1.0009360245565264,1.0001282821014028,0.9998189820440786,1.000205695818986,0.11359911345839291,0.06023231502492794
11,0.2758271910830648,7.8080407120455515,0.028655011552014244,0.010575522541363734,0.0664935705493086,0.10017996024577384,0.7940959351115396,2.297571732743653,3.998234127478781,2.3506141930960243,1.9333623870379075,1.453496523076943,0.7558568989729829,0.7303609550669211,0.9269972954107935,1.307066308917564,1.2267151012813122,0.9999559891096702,1.00080635343151,1.000824353832542,1.0007287677105325,0.9999177030861194,0.0036774227462598977,0.21010786119840882
11,0.2764831398873688,4.205889771464369,0.016439931130949506,0.023284070468079832,0.07587612528890016,0.2130496711147199,0.6713502019973506,1.9152240733815655,2.9186633631370054,2.6648109903820485,1.8109032539962924,2.299595672696097,0.9872897571422254,0.9567542840712023,0.5061979378705211,0.9167169961878506,1.3154046688303502,1.0002382449529799,1.0004230100536078,1.0002116705044215,1.0007102465139284,0.9994971805244564,0.12468530413527307,0.045886334511284405
12,0.15908146353238134,5.582990269968272,0.02705021502473111,0.03330670200923315,0.04070046288729344,0.13349522511594897,0.7654473949627933,2.148204099939118,3.7626213961334303,3.794349090687608,2.041830812030039,1.6962256410669228,0.9302964685194203,0.8684662614321816,0.9786131704238732,1.1528995168595393,1.1963852962652561,1.000375371311502,1.000172734344841,1.0000666066375912,0.9998618003729849,1.000156569999062,0.028139352102422032,0.1974230991475227
12,0.2136896525665466,4.115323218018424,0.053375212233419504,0.1338054674871102,0.03305367628470624,0.09801073703943258,0.6817549069553315,1.5842693878895713,2.6369724083692176,3.5797871871675824,2.6946206775261556,2.241051594289045,0.8587141613126366,0.8331140608761044,0.8366599207126325,0.9450516092430079,1.2149386665744237,0.9999394829042115,0.9997804372679789,1.0007782800831238,0.9999440362656103,1.0009840251880784,0.0500989559356657,0.10328027602817474
12,0.24224121444316243,5.144404739631926,0.04147423117082487,0.07819120456552693,0.09888138690251212,0.1643419652074714,0.6171112121536647,1.9161356311563844,2.6327490848599004,2.6186217701140295,2.3088757648164573,1.8702694100499246,0.6487657395841369,1.081871432385308,0.860717483430424,0.8434472713619353,1.2282858461948964,1.0003882793268917,1.0003055173058728,0.9990040727394538,0.9999436955370796,0.9994391734978801,0.09886234412495766,0.04632021691897767
12,0.25761664528104866,5.375553217946823,0.05552150386620935,0.09040193791589407,0.05810962366581531,0.1826010977154204,0.6133658368366609,1.689728486190321,2.460547808624193,2.8957039631039723,1.9117343421768602,1.8163580215523605,0.9962232032032139,1.1205486266461722,0.9623065823963957,1.0688552594202494,1.3376099604313256,1.0003130609282422,1.0009530272821308,0.9998075181627688,1.0002152348353444,1.0000397021489067,0.0423769962297286,0.07040457327963781
12,0.2578215025128717,5.409671113831238,0.04488953737269873,0.06360649535303986,0.11724163945230874,0.16458472358470375,0.6096776042372489,2.449987349448479,2.5150602968348013,2.5276808941398508,2.601904854422715,1.705155491749211,0.6448051420646185,1.1830006766928127,1.2967945063894106,1.1176812805110623,1.240596075735317,0.9995352271161347,1.0001537909543645,0.9993924037494243,1.0000220172952288,1.000240199582271,0.022257916689730237,0.16641704940667779
12,0.25797976007652057,5.5734164297468345,0.03152863821765418,0.07596081096180846,0.057064891610408244,0.18858010046722748,0.6468655587429016,2.703316011166817,2.5914559493872744,3.5490225190521474,1.9050862314876984,1.9097673519220055,0.410443268895463,1.2306887401232096,0.565867395531406,1.2054510162626617,1.0600944345556624,1.000891423167799,0.9992773856294087,0.9999603410291835,1.0002778876573826,0.9998088799548067,0.03865219252494577,0.05689237563378863
12,0.2650249854629881,2.642574132123798,0.05885748263207658,0.09408758712404161,0.0762366694068843,0.1380423975689052,0.6327758632680923,1.8299193106679328,2.5753201837037833,3.7177205745575916,3.059367337089899,2.9276196932685785,0.7942665334201756,1.220808083526496,1.001116276121935,0.9087172569944132,0.9002822715460688,1.0004941637700269,1.0003691881810213,1.0007205769523275,0.9996034353865118,0.9993422361090902,0.10430937915593927,0.09333633924047201
12,0.2664503159063907,5.7895701793905125,0.04052617191219608,0.10892511116483909,0.013673682574603354,0.04575767340056022,0.7911173609478013,1.8199572897595477,2.497554575971838,3.6515590646723757,2.6931721186802715,1.6410735569521415,1.0603602050514467,0.8859025684017404,1.1636709631073168,0.9645566561223327,1.3785765567054025,0.9993898008337146,1.0005268587661842,0.999571768737648,0.9991591257185365,1.0004000189880873,0.05182993849658686,0.06818453191321283
12,0.26806371761822595,5.6350425026694415,0.05517793213940491,0.08971941448429073,0.1185179933953769,0.11342320398871426,0.6231614559922131,2.36571578169321,3.0635544780865,2.195355724427209,2.2755266133447605,1.835420103775792,0.725410439749277,0.6836871931313222,1.3783844965553829,1.1233692994481046,1.1331248325450074,0.999646277404827,1.0002166486966446,0.9994792913652205,1.0008736514888377,1.0005561851168174,0.06070775871234177,0.0909873592246951
12,0.26907889325071244,6.1328064703148994,0.026209390445908625,0.025742103583448958,0.01951133057081498,0.13135188302392545,0.797185292375902,2.4954424553743046,2.5786894150943094,3.6587487354826944,1.46940668392468,1.5376074363991468,0.4412259318155678,1.3125520840026634,0.7381509293229154,1.2204338301706805,1.3778923854832585,1.0008745738412106,1.000941016623415,1.0002054783783256,0.9999968525079865,0.9994916597093106,0.008166315994410056,0.29906380771133273
13,0.16727019334720855,9.658665146277496,0.041643438323408305,0.0785470888879453,0.03931391578064253,0.08356714320234807,0.7569284138056558,0.8510307766529885,2.51124337437578,3.323732779042496,2.336340261715417,1.5338696121205757,1.3755406327468511,0.8252725543560443,0.6680448308447219,1.2698029918778255,0.8029175576260362,0.9992600736458997,1.0003902791900483,1.0009382417240233,1.00063285281677,0.9991522841265853,0.036287039749649516,0.14546648674567328
13,0.18596712199374835,5.990326374567862,0.026980380909657514,0.13925781929394515,0.08847522661764534,0.07417029166107149,0.6711162815176804,2.4467149148410536,1.891506117181223,2.8738892632326345,2.347021680916002,1.7708028733314967,1.0928928368183493,1.2454187139101252,0.8974434830296842,1.283740673550844,1.295454798027352,0.9994779132184591,0.9991562458102762,0.9998491230060917,0.9990853521150903,0.9998511527032438,0.02375986563101294,0.11283338074281121
13,0.2096784457654803,5.719673040635393,0.026025226383898266,0.028332797650973057,0.06574488656152058,0.08069735464063102,0.799199734762977,1.649175005170777,2.927934304108862,2.617976531883377,1.9786724501826143,1.892166088592072,0.9494908659677286,1.3518529153481564,0.7045614220019247,1.055006310665503,1.2153992138648952,1.0008649669212586,1.0006008154480355,0.999508669104876,0.9994974309039728,1.0001102596245193,0.02740058627670113,0.19900678241847972
13,0.23642300276821016,5.354357996995639,0.02212965477876093,0.14403790990250773,0.08549068977124435,0.09459790300465254,0.6537438425428344,2.327212124481057,1.5573736475343436,2.900163269550525,2.5807493980161382,1.8770668995491575,0.8633219299288601,1.3531362361872583,1.3497267588625335,1.114285522396513,1.3124153483591094,0.9996397493833219,0.9994655788453395,1.0000437982280295,1.0009713435776504,1.0001116030610737,0.11799926467901477,0.0019555729991903893
13,0.24563043351129238,3.0918788356242626,0.06571138811987985,0.07373201250740534,0.06319506920772518,0.1383140045994975,0.6590475255654922,1.9813097680406906,3.155092106873929,3.432111916701296,2.275130819936923,2.400492083853045,0.8968052005495475,0.9059933976276557,1.132506432731902,1.283989598505914,1.1611593480702287,1.0006597052387765,0.9998979729069968,0.9995451819442712,1.0006660462322345,1.0005230954843076,0.04009845679857294,0.06215164401311036
13,0.2652099823434904,5.969153871257092,0.05682450798809472,0.06477262823438461,0.0912420640010808,0.1916088182889053,0.5955519814875346,1.2773111257243384,2.3555006344795375,2.4731013535663937,1.6537030553156749,2.185351088209816,0.9884975956578232,1.2711554718932159,0.7437087050759928,0.9576991756661598,1.1020897817241277,0.9993808921791791,0.999886449808452,0.9999041265100228,0.9994670102892195,0.9994277236043012,0.05823161012909373,0.05040097533660885
13,0.2795688498437456,5.42123606162917,0.03749005270975837,0.02166631841869606,0.09735263418798756,0.13750071252144982,0.7059902821621082,1.8883886470003888,3.4789320488674638,2.542789425915242,2.7345999963436456,2.1348164127918148,0.8858349372414026,1.3900745554407143,1.046898766129513,0.8462826445955411,1.1472019770422568,1.000272114955489,1.0002039076016656,1.0000915690517787,0.9992678503305289,0.9999126378444941,0.03646672934043969,0.08527112373698797
13,0.28149208429381933,4.833496443559839,0.022265366667047575,0.024090965860290754,0.08398377171742277,0.13824738713909102,0.7314125086161478,2.0774150226954617,3.171676783756966,2.9676566458216866,2.167483204339118,2.09708158150812,1.2291574482341951,1.3128596625515394,0.4971942008080423,0.8645979600552157,1.0059929319665217,1.0009748513034757,1.0006986446014703,0.9993438439184924,0.9999000841495007,0.9993842149354342,0.0312757861644485,0.1859994181374839
13,0.28908225783225033,6.768670105228558,0.0550206153722058,0.037329229238198224,0.03664712019289802,0.08044592958924857,0.7905571056074493,1.2011961676865035,2.6981054788895644,2.5320564348554395,2.1617923507591135,2.159146558537338,1.0308955253649086,1.3496816041947348,0.8832574654198183,0.5309925659691856,0.9230136543255183,0.9996185912955989,1.0005819119670636,1.0001388935911038,1.0000142589533432,1.00064535837476,0.03024072126144771,0.09335581645864573
13,0.2895499094450935,5.813591753977087,0.036564530782073584,0.043677117668620265,0.17740929395191893,0.13301273483715204,0.6093363227602351,1.780574192300563,2.9553452252932897,2.3209697284229973,2.342040019564112,2.100848452886064,1.0093495184962575,0.9717021769273924,0.891499502529647,0.89018530803153,1.1905521277873257,0.999925750775531,1.000248852661866,0.9997069142701688,0.9994986640665615,0.9993016972174391,0.07098799889147014,0.07499262078484113
14,0.22316256755276404,5.986006261600664,0.06064531630637307,0.09105162740514246,0.07246229683644514,0.1630331470757175,0.6128076123763218,2.005355285186177,2.7844116230379634,3.3488758072050095,1.9327266981699704,1.5803440738895915,1.2350422922234694,0.9299328925794795,0.7789020464674382,1.1010476691319968,1.2861958977295487,0.9997141371569275,0.999848143902568,1.000301089319958,1.0008189076934824,1.0002024736612256,0.09068843625424461,0.05505549457354046
14,0.23132362357781108,4.522779761523546,0.04676059143504672,0.031648608222159216,0.10064306798625389,0.14874326985132486,0.6722044625052154,2.75347293800919,3.4059871698994844,2.7649045845156404,2.8353608454274966,2.655792811131645,0.6268424810445006,1.367432704634363,0.8047804601648754,0.5480291860657635,0.5608245026669878,0.9991350715416187,1.0005345299720694,1.0000094142695433,0.9994221769531739,1.0007644512074914,0.01763265259575186,0.08932609341478549
14,0.25275752018745656,3.4845331217263067,0.031981245333894584,0.10513477048763115,0.07942472015342665,0.12074341469019576,0.662715849334852,2.4400798771723995,2.7848453236262847,3.0588370294303315,2.595549890655635,2.537562888455608,0.8799169266506082,1.1524301918629103,0.8963636750593178,0.9582594193508026,0.8162595887648882,0.999743342920525,0.9995947308815147,1.0007298953179555,1.0002552861121734,0.9995061329285119,0.037536398517792585,0.09309749290547231
14,0.2566381971990497,5.224438362862847,0.053324596955803265,0.030424757946977493,0.07047071295018689,0.20410496072909629,0.6416749714179362,1.5658025049452273,3.205792519911722,2.413131354419212,2.04855996911316,2.296752657261969,1.261738858721871,1.0096581183978415,1.221653652404828,0.7942511813023558,0.8846503286795238,1.000412470919414,1.0003940902437927,1.0008134356762732,1.000068012266485,0.9999716199194776,0.014349020054718591,0.00820761238869753
14,0.25722547694490777,5.0111491808665924,0.07654358666147584,0.034259668640614166,0.03564315933434744,0.11238962354386776,0.7411639618196948,1.7426804564694849,3.333275941305498,3.1374412939571457,2.418482894070764,1.8330727004090155,0.7563819464885557,0.4579847330664413,0.7723257400026072,1.2684509983849208,1.2041548959021973,0.9999614172744653,0.9990014073749831,1.000111753322718,1.000992582347907,1.0009591722596825,0.07968502765615092,0.03366432818072884
14,0.26975332220666426,7.037667596063011,0.041513992881891906,0.03157631016028764,0.11193586332813818,0.16485098317923982,0.6501228504504424,1.1942594988788928,2.8430484753984717,2.3335136701574255,1.7356378972931354,1.5692389988782824,1.1388058614938903,1.3257222804347322,1.0327927645976165,1.005809984379788,1.3084444822629395,1.0000646619299784,0.9993662007872139,1.0004948457998775,0.9997936758618112,1.0000011539987443,0.04829351734231274,0.12059721952215746
14,0.27447636166311745,3.8240582943564627,0.013701039977140447,0.033751666347174226,0.024626352481097635,0.052812752508120286,0.8751081886864673,2.4049897143170043,3.5855015881318204,3.777053928599122,2.844357909702205,2.6804652017806045,0.9887088173741564,1.1860895031219822,0.46732811785309003,0.9614860901930711,0.7330678031415352,1.000701331966846,0.9994669764040214,0.9999200750319748,0.999558062031578,1.0004978235497806,0.03688215463781831,0.09489409131246508
14,0.2781236787500597,4.582119873083322,0.024385628234948175,0.06639568901691689,0.07161415608403125,0.11707644747583375,0.7205280791882699,2.193493185401643,2.8318182598909853,3.1715580190989834,2.1716872801069886,2.0074467594168666,0.7471246931439661,1.3386025054783945,0.6196332307435322,1.0369470626454285,1.062620223032034,0.999623710371094,0.999047238505569,1.0009443975071588,0.999247089761582,0.9990107426572967,0.07359796366157323,0.08482145615894773
14,0.2811692245329339,3.0571344908896987,0.027776417272994812,0.12912564430995638,0.09767646590866737,0.133557192342881,0.6118642801655004,2.267728376436277,2.65592490148194,3.1529929625163695,3.0399820856657023,2.2820594238594905,0.8531132643776493,0.7683635828516189,0.5124700389363497,0.530219732644313,1.171705788426185,0.9993534966559531,1.000167466208781,0.999917169856117,1.0005140509855541,0.9999065104507948,0.06329506630525701,0.09042867449719735
14,0.28226390462407,4.363262248722604,0.04602375892248865,0.013562403083302702,0.03710847151971701,0.09474683041715021,0.8085585360573415,2.145202378121343,3.870799743521834,3.6340835552620194,2.585099040729728,1.7705279517728716,0.7447521290632471,1.297085433544709,1.3009132556784981,1.1236735574524273,1.283060766340716,1.0007429448960805,0.9991488387510338,1.0009982799720165,0.9998244609058786,0.9995250214856926,0.08648720529964682,0.0655605235256355
15,0.23434386949620578,4.136715232804242,0.04830419954043638,0.059900679351938754,0.07893039400489496,0.11190573595286958,0.7009589911498604,2.377275661404437,2.869013490365173,3.0490183771734625,2.754682247365798,2.265129809855095,0.6504516062971375,0.7098161036849584,1.045067688442733,1.025409828379305,1.0138638804728732,1.00030568107852,1.0001620492684866,0.9999315859941352,1.0003292373440968,0.9993419667027161,0.03349838753263928,0.14642075625387604
15,0.23760736917789987,4.539278081524932,0.029769884419870593,0.08094293612531304,0.06072000102603357,0.07410463234445822,0.7544625460843245,2.10455997139103,2.881586012895326,3.3831191200130006,2.418982802539358,1.8337072801838254,0.9359510745394322,0.8977152408254838,0.9773339938453196,1.2977685670410632,1.2964467033445295,0.9994541515430885,1.0003123474961004,1.0008107949471208,1.0004953142000363,1.0007123880634266,0.024412550548081818,0.10926388726819358
15,0.24311998671380863,5.197190910146084,0.0664469753042202,0.06551978755172207,0.1146906262665134,0.09033151268724784,0.6630110981902964,2.556082594955682,3.0084543911269677,2.4885946643654275,2.571554019379935,1.7717980837508014,0.4312445435707805,0.7119426739683861,0.8850952135163906,1.0173897743179257,1.2184178584103542,0.9998067049158893,1.0008374558160196,1.0005058063582555,0.9990670920446051,1.000991132660955,0.02725400330338451,0.0326170283963323
15,0.24444957178295432,8.26088209629931,0.04775179560715915,0.14438503287356338,0.12265733766405582,0.20756238099379246,0.47764345286142923,1.6887191040393992,2.1732976976386307,2.2277924605782444,1.9707610339667438,1.7812165270255185,0.9436820908021314,0.6098480638334461,1.1926610680263316,0.8901370239643783,1.1389720904911562,0.9998817414614578,1.000030727305531,1.0000755806661419,0.99965277801185,0.9993163986024673,0.022181798116988234,0.0911217282553895
15,0.2662299541913945,4.551307524364362,0.05241891681907986,0.0571325390037942,0.07399004624802857,0.12545219033074256,0.6910063075983548,2.5724600000448334,3.0105011944832274,3.2418404642797274,2.392840628543997,2.3431319585763792,0.5062831081272235,0.6089680804453246,1.25284598930651,0.9472953494803296,0.929913667081146,1.000454750652903,1.0008342678323023,0.9990756205101557,1.0001325920810362,0.9992888594324466,0.007352987022449221,0.07597260989633962
15,0.2710467691489766,4.288611241630609,0.04828694524658954,0.06046597188667793,0.07826307054762457,0.12452992464246493,0.6884540876766431,2.3260040365708434,2.962931931876833,3.240699906372577,2.618369641484053,2.2069655224425304,0.6811841135262913,0.6986842788325711,1.1931218904521212,1.0209375316074991,1.0175487629686788,1.0001986189805505,1.0004667190627654,0.9992350406277127,1.0004637161544314,0.9992357037306338,0.02915718180824813,0.09839600380371902
15,0.27177785061327875,3.4051367450718484,0.04707057919544806,0.031609424422844666,0.0618278229408514,0.1636292533273487,0.6958629201135073,2.6815183636596744,3.9120792733260945,3.7870888376050966,2.4751632500139875,2.455244168003709,0.7822873907922452,0.6269547822526688,1.1415490180617311,1.0008010071359408,0.949433369551045,1.0000135026828587,1.0005196105025909,0.9990570806565374,1.0001184518434554,0.9990091430714828,0.02248247074471703,0.025593397998578266
15,0.2768990571851204,4.3250042781618125,0.0579000257105111,0.07247344073649645,0.048914068137931754,0.09926161589600445,0.7214508495190562,1.5181345401600708,2.547937871772592,2.204107690353096,3.0898677131000167,2.1914149842763395,0.6887017481071294,0.901345872603412,1.1899217506206223,0.5291505600576418,1.0829151405403092,0.9992620547263367,1.0001716107358745,1.0009057234415673,1.0007420542363445,1.0003289415873586,0.05792938700147235,0.08077537693006274
15,0.27888147754914067,4.413861201102417,0.05917246757624315,0.09002951294584687,0.11913718990428757,0.2080829700508848,0.5235778595227377,2.895102178091226,2.6945927391232463,3.009781142569585,2.11979388793566,2.152680063890798,0.4070954145505745,1.0847799272129444,0.7937261386219563,1.2782792718747813,1.0945811908538854,0.9997400684382366,1.0002474070032663,1.000646446030403,0.9990570374109927,1.0009763772242761,0.032074009683539455,0.024596583134061822
15,0.2864220957745517,5.29799469376896,0.03529082158150565,0.03578072083413432,0.06341350009876529,0.053926072282811245,0.8115888852027835,2.467197551938968,3.718625785819857,3.1800764242209323,2.7378173967006445,1.7119521823376762,0.5945127233388123,0.7668453751623991,0.9360105344103339,0.6582350477153533,1.2431952964327246,1.0000410951501721,1.000679461709961,1.0003180644697023,1.0000367845717753,0.9998222635418031,0.016196967946136478,0.08539219229775319
16,0.1786324093662851,4.884274724310761,0.05514980436974829,0.043864151980036445,0.058340742765662694,0.15869277367607648,0.6839525272084761,1.7256086334349074,3.3858978732299008,3.250404336595409,2.820307924584935,2.5301822195050607,0.7901658078465432,1.3206372754665918,1.176665742809196,0.46650085846435924,0.7430337182530586,0.9998923143488089,0.9995205895949074,1.000004998664495,1.000490107350333,1.000860010574859,0.04963445047582589,0.08977978892437166
16,0.2017121854512428,2.6062866073210693,0.04250828592358333,0.15784634249962237,0.1177087562234088,0.08412337236461821,0.5978132429887674,2.6376641948526984,2.916334907238017,3.771712007019699,3.0619981341312883,2.861985991351213,0.6403317116364535,0.9789919032855758,0.6832899486501594,1.232202633981543,0.8944753548740768,1.0002562694987016,1.0000829948649521,1.0001357704115488,1.0004096268515528,0.9993506846988834,0.0191948602847673,0.18091077803067426
16,0.23109479801712604,2.867320295185343,0.05178024036968972,0.16163365348438358,0.1014756857474688,0.19331198729817062,0.49179843310028726,2.369678791032532,2.1423660245205207,3.3825991830218847,2.668827275000529,2.856461459369156,0.9714196742649417,1.3480244595885225,0.7910150673968998,1.123950222518778,1.2815665395021936,0.9998099063217584,1.000969553337639,0.9999946879766128,0.9991378855154776,1.000461303872304,0.05441707603043017,0.11148426587831878
16,0.24835837732426463,2.9075236451799076,0.03713495509227491,0.1758788025010313,0.13056439032913955,0.11399501367402703,0.5424268384035273,2.554290659284765,3.1690218973762203,3.636291937074976,2.9527697122852703,2.9306869075010056,0.8436772030253744,0.776787638360898,1.0947713756930884,1.1926315748616023,0.8385007090097328,1.0003116162598944,1.000342796168476,1.0002245634841604,0.9998443469648859,1.0000620523423027,0.03555665608057437,0.14282188288717948
16,0.2563551552367841,2.3385305897471493,0.03241282862214622,0.15928510574663218,0.10207340274386732,0.17035095786453536,0.5358777050228188,2.4027194561957637,2.092598681488151,3.5708217267709834,2.8675052520961963,3.079326974499937,1.0775672166144823,1.263069183454171,0.7442937915102898,0.9875544887182129,0.9944235790339863,1.0005859728775675,1.000691724588931,0.9999465860833495,1.000377202723578,1.0009678311036252,0.03569033000802961,0.13478903231534145
16,0.2671193187118639,2.9676563220197454,0.036971307510465456,0.13610465600103797,0.10635369347060095,0.11109078694012425,0.6094795560777713,2.7921786757766163,2.4287969598094037,2.699144521751186,2.760435710516516,2.9961842840491615,0.628336047180997,1.1752078008074642,0.9641576931843331,0.9097613822991566,0.9919534429766492,1.0002642956888694,0.9993281527157776,1.0002357363216083,1.0008801303358599,1.0007739987128097,0.01710208739230221,0.1854585710372162
16,0.2676679622958972,3.60273600705457,0.05296643242416115,0.07253853165749903,0.09652133854767846,0.18210603741732176,0.5958676599533396,2.4448016442498877,3.027816317611333,2.9519181982324234,2.5672644500668427,2.446388704944481,0.707594204320571,0.5241766794097205,0.922002635862783,0.48484252426051394,1.3930745116033678,0.9991544666820797,1.000753540667204,1.0004092638930404,0.999766964878231,1.0009723734828997,0.04084290599877819,0.11583911869720753
16,0.2755191271668912,4.624947587292354,0.06312232968389017,0.029367050225765214,0.04243415280577411,0.13986227360863968,0.7252141936759309,1.818541948221118,3.5212000437546678,2.724527294715816,2.511482097650379,2.009105420892802,0.4104372853899683,0.9224608430995025,0.6745906031641882,0.6572605978785582,1.3134716284891417,0.9992433429892481,1.0004073340824255,0.9995834375668797,0.9992330756902703,1.0008715875499845,0.04964639451615037,0.12029189569753926
16,0.2760012073429874,6.07021763089896,0.0270772927849059,0.02389831006641443,0.0899525591781424,0.1530757655140114,0.7059960724565258,1.8183256438568955,3.9761152649345113,2.5597083967118435,2.1235225793837804,1.9795606255867197,1.311903625305741,1.0575669410500108,0.9497647841020281,0.9807489958910656,1.0286912699611772,1.0000538496213265,1.0003791721950501,0.9996532176234348,1.000259260080385,0.9993947926569485,0.01547876315155581,0.06488373981056382
16,0.27869926319692695,4.551918936149608,0.05616467098083613,0.028740752630118105,0.05122976780667324,0.08419434695353686,0.7796704616288356,2.044241559060502,3.0140933358076922,2.722252934335339,2.701870960643682,2.371119681578316,0.4485638195490203,1.1100799591470194,0.7788350643472826,0.48307093818517505,0.9434622683861371,0.9999895264780958,1.000690239811095,0.9991762890703881,1.0003575711326564,0.9999814083227754,0.0051935081815116324,0.15720926422546966
17,0.18207992775677928,3.6204526322072983,0.05930075087690584,0.1017617236385981,0.11479933212937006,0.13593602726114634,0.5882021660939797,2.140838867591143,3.3408333128171597,3.616444483338647,2.744542204730995,2.676032253425235,0.9409063810873524,0.5953564578593059,1.2452557190343065,0.7831982057803049,0.831302697113804,0.9996980619577193,0.9993739895153446,1.0007561366652467,1.000232084181063,1.0000902679608603,0.0885721063762768,0.0344736317693176
17,0.21790421182416297,5.132167867551729,0.016153745791715534,0.054665752655499625,0.061210650412233926,0.11841704645196373,0.7495528046885872,2.870781091891598,2.314934037753898,3.5231495863443096,2.5840457770414775,2.6070102112135194,0.6032748192704036,1.3901667965227893,1.1700713845759056,0.9209806266939228,0.419154004162761,0.9999932353527312,1.000440943310631,1.000364047821464,0.9998599100232053,0.9999341635138451,0.07892125208698851,0.03786734016005598
17,0.224440025570971,4.269199423091597,0.02898562821113325,0.087665815926081,0.09474508154934383,0.08241168355103358,0.7061917907624085,2.2383964014966087,2.3538564693212694,2.3235737931292832,3.073281291705151,1.8117333315086663,0.6091042807261529,1.233045845859765,1.381087265559973,0.5122085984242011,1.3874137295436797,1.0002964819726203,0.9993390410635453,0.9997249386247721,0.9997080455128594,1.0002789858496324,0.05942182343416881,0.06250945216781686
17,0.2760079920030976,2.636767826312391,0.0340913843745467,0.08122203546222494,0.0907999140904222,0.07014262701258764,0.7237440390602186,2.5891919215782724,2.29495636219771,2.866394213638929,2.9456588973407616,2.9523457291433512,0.698523372219022,0.9584674924554469,1.3961466507856464,0.7782210318837532,1.1097812851556896,0.9997997288350121,0.9992740383305061,1.0003418495410719,0.9999045801904927,1.0007107794468275,0.1246744564388828,0.06883839051046783
17,0.2788791056565122,4.888905960640348,0.03819889347733679,0.10310083775733972,0.10719701028957046,0.148523527290228,0.6029797311855251,2.4612724306971088,3.307706669104929,3.222018682297496,2.2554737249981502,2.666205841921225,0.8381355322147045,0.5646043898963633,1.0295863001051686,1.1575203335067974,0.46795515525948495,0.9998792332915268,0.9996314300101268,1.0005084937907816,1.0006146240713525,0.999863765247159,0.0491758832101873,0.035315595257997615
17,0.27947756630752635,5.905564447119369,0.03214752364349971,0.034219222906014986,0.02727179478046535,0.16331172611809203,0.743049732551928,2.5115392279891484,3.1859210373947398,3.398337708911952,2.4501241796513265,1.948265472180719,0.4676900228683831,1.0895052158533534,0.4181187596477997,0.6341946494838256,1.1376076114762457,1.000165613185725,1.0009696201167846,1.000175514215682,0.999030206880332,1.0009413529694733,0.12534055668112606,0.016469112522457807
17,0.28379618528564726,4.655534452442602,0.013026163471137707,0.027227313171490755,0.06884287063447347,0.10393842124926586,0.7869652314736322,2.8038296535317504,3.445767157977484,3.269358521475036,2.698906566608009,2.689554050537876,0.7720997781681608,1.2241489209277543,1.0888183858077916,0.8730170627394654,0.46065931034648716,1.000042785449661,1.0004996826553822,1.000580580664138,1.000209442336346,1.0008220828395886,0.09074189890992777,0.0094385630025275
17,0.28937628157954637,3.7724918729782164,0.014823706004898459,0.08147262898722483,0.05366381455611151,0.0709547824085322,0.779085068043233,2.539830073731848,2.646962163509914,2.9439467405762962,2.715742723341023,2.6084625704983,0.9766705784795506,1.3540328125847674,0.46477840430631756,0.6623868578677038,0.9559060404852251,0.9997046235234479,1.0006803824617256,0.9991446834294029,1.0009907312003468,0.9992732648994522,0.05861676108987657,0.030988092231813293
17,0.2894812031720739,5.6161148014584406,0.01656345936121724,0.07661261487480318,0.050808497694002676,0.0706470822738248,0.7853683457961521,1.8206543325864644,2.541848742990018,2.9154271465991903,2.8867094060475447,2.2529679723194427,1.0489102491742082,0.7441842443065667,1.2881554999497435,0.548420079213146,0.8960382732162304,0.9992852515770462,1.0002840271450297,1.0009371696705813,1.0004583094257482,1.00070167513649,0.028056158833001006,0.009732688005280491
17,0.29014937085568865,3.6301562686463,0.0593313782109391,0.10149154789937535,0.11453261622281412,0.13630611606988294,0.5883383415969885,2.2389490015270104,3.34228741999336,3.612368153937097,2.7393781418393908,2.6712016458537384,0.959635591218697,0.5968405051101061,1.2432829001068508,1.091093577015047,0.6731598648497132,0.9996985078652134,0.9993823445696459,0.9997229372936995,1.000233286043636,1.0002771619038922,0.08855373294330045,0.03420511048406176
18,0.18893883274778667,3.342125756376421,0.018023045860859264,0.14397905527966964,0.07978705796741549,0.1616056291779135,0.5966052117141422,2.3522563450075618,2.0750373578032226,3.4203287731749064,2.2334351438711937,2.7485245732875114,1.0518843099118347,1.3365844446790573,1.3290260145552566,1.335835782401852,0.7385341895736114,0.9990836130347593,1.0001345677725644,0.9997844903107143,1.0001413924008398,1.0007511532696824,0.10185678243772862,0.0688772873155987
18,0.19708839467389008,7.119573887610666,0.044572566002126036,0.14520754568568067,0.05120086590749172,0.06289314542564556,0.696125876979056,1.464409092063922,1.3672611860378865,1.8942080503397494,2.6087097646978084,1.8215610343818671,0.742752896526342,1.2523528607695504,1.355313139458057,0.7995567808266979,1.1471626987251096,0.999889389414903,1.0007211660095114,0.9993403696987676,1.0003331534693278,1.0002838992492538,0.02120633628754521,0.23032016136060715
18,0.22343778325012664,3.210812992259611,0.05844571333366431,0.1203834321222949,0.10248200163022306,0.08612537025325095,0.6325634826605666,1.7763479471816706,2.6882552615397013,2.0434546831794878,3.0220552228265194,2.5553006375633336,0.9993277199808239,1.0931301251616663,1.1757177779862986,0.7376404621680961,1.000018338668459,0.9999383934246642,1.0009868718344,1.000726186313163,0.9991433144362694,0.9997168396230173,0.029212047827370153,0.17194854312650726
18,0.2594704509954558,7.662674642156803,0.03787369738389218,0.05636109426397298,0.11173288828504659,0.20223547679074583,0.5917968432763424,2.878936786900781,2.8912962977026075,2.8054860202498837,2.2624384384544842,1.7738729032712777,0.4265831501375647,1.1530672441209207,0.9703876838153354,0.9039693737493062,0.8966942392848533,1.0002081750291734,0.9996630179866165,1.0008036877356865,0.9994718242257531,0.9990969118451744,0.047090638135131084,0.021427194626640444
18,0.2650368035759849,2.0920248783734703,0.050718577420016474,0.0463259611633347,0.06855688155246707,0.27525316753279677,0.559145412331385,2.592114040565776,3.499058401597186,3.5585555735253744,2.8112814509199033,3.0602873978197707,0.4714478245636963,0.4232666208971537,0.9390891981028946,0.5401659039336426,1.1443952835449804,1.0000249015542992,1.0004238005714778,1.0005612096707324,1.000995854702099,0.9992532752308803,0.059034904260638225,0.1728227349600971
18,0.2745183828972433,8.249723709666437,0.028644233279168423,0.015125370679966214,0.08858015438011918,0.15992126141033436,0.7077289802504118,2.2927156515229266,3.7588373578777308,2.5441221519276476,1.4633072401297518,1.8543917277108062,0.5486104532019046,1.2566173507902163,1.0402623899646075,1.3424015176658843,0.8844691216560716,1.0005238073987717,1.0003885973593707,1.000248879866597,1.0001567773622693,1.0002597729163647,0.0321005293638379,0.0036753231689467753
18,0.2750465622729834,5.692575657693767,0.05749391789073589,0.16283210521105912,0.062227182860786566,0.07122130039671586,0.6462254936407026,1.544112272189965,1.9719639510604807,2.0266422362195993,2.9001289023208168,2.066145987121698,0.9617979056310513,1.085911480213564,1.274657885239231,1.3735240119407166,1.069888656760667,1.000543108928857,1.000806871192088,1.0004435815627304,1.0003994193634285,1.0000501932308574,0.011695405914675279,0.25850799930021956
18,0.2785464911005509,7.844792395110395,0.05097213988569974,0.08167291607286432,0.09907610941519793,0.14489625943642404,0.6233825751898139,1.8787566223183358,2.1096944386961853,1.6480125280112525,1.8798424387369541,1.4470230852464032,0.9549311140706533,1.1312146019800986,1.3047999999855735,1.3148986311412165,1.3146853906845701,0.9997560975307878,1.0008503084285,0.9992492254712608,1.0006368509464432,1.0000263060648786,0.04855683295659323,0.00842701728664073
18,0.28417043865968195,3.9172133436400136,0.04420927008547943,0.05259673158314149,0.04329674919342075,0.0922471710459344,0.7676500780920239,2.0179132089606457,3.0058173803404604,3.66261782334125,2.547165588512675,2.65706160445379,0.8978811503424138,1.1863589824710619,1.3771072634510702,1.2075271964821537,0.7737819262846227,0.9991846491214181,0.9994569805686293,0.9993367172718016,1.0005427111120022,0.9998167077191992,0.054781723038960645,0.053140528905824755
18,0.284342707845562,3.737319206483851,0.014166125387419015,0.08369194217132014,0.08262797506753698,0.17978622560501895,0.6397277317687049,2.1752086456530004,2.8831082095572893,3.7098238918053696,2.5810048239364365,2.7643702516559925,1.0209876943667624,1.0809076599403975,1.1558077707396703,0.8357506668005961,0.5508683946818025,0.9991706271402533,1.00047661272651,1.0003609619332925,1.0000353712881969,1.0002204689638643,0.13746325701517512,0.03413320360909154
19,0.24096135472892832,2.3308608632723917,0.03456409219431533,0.03834543864865459,0.14593237513699633,0.19957761058632542,0.5815804834337084,2.0092423747139305,3.520172956438652,2.9323948840275365,2.132528883906684,3.185704119998056,0.9589216736957626,1.2958670155230094,1.32766770306067,1.206597273948286,1.072159159562909,1.0002991658730678,0.9998792711733013,0.9998286114677974,0.9991343221470622,0.999852406850878,0.042561364653856015,0.20168882205225414
19,0.2432645097707069,8.821790061243032,0.034261310406111925,0.038375437059049194,0.04761642978186369,0.05540460433239115,0.8243422184205841,2.50643537944519,3.1415113434621484,3.5406848431279987,2.4104177522358334,1.4063800908106705,0.7060237315770976,1.1849776054689154,1.3274744116266353,1.2783811301260852,0.9855350347839789,1.00003942756125,0.9999320831627647,0.9999789400888789,0.9996480596766004,0.9998390558615535,0.00216058520695698,0.10095056750372378
19,0.24706091526818555,2.4472450747836216,0.046790459878291446,0.03711409584739636,0.13488151395327483,0.1960183118378336,0.5851956184832038,2.8965239913956355,3.746769287417696,3.120475849152965,2.6681817602300177,2.908804064045059,0.4718025153458033,0.6561986438192873,1.1321370054726954,0.9509909886581626,1.2186398102177824,0.9994906475906845,0.999873994736469,1.000489152583325,0.999847142687973,0.9997679899205483,0.10719043759658263,0.07454928375601227
19,0.2556619760734509,7.407621544435483,0.02474331183552546,0.02397088549961663,0.04963872426224998,0.04403173421231809,0.8576153441902898,2.3081602969514754,3.051602390830473,2.8715701540298815,2.7925328008189862,1.5513514429302793,0.922868214895373,1.0913970397077049,1.296501701306408,1.014515802729755,1.149577559461338,1.0003762525522284,1.0000177007439257,0.9999675841870722,0.9990131153767087,1.0006969920836462,0.07395125781773032,0.02369605745546341
19,0.2556636303988797,5.71797149167213,0.03147872167473833,0.028611067489460712,0.06159021727954476,0.09570570502883652,0.7826142885274197,2.2995320788573195,3.1769237108795165,2.8385977479075275,3.023878305643122,1.5577553670967033,0.8904684207633148,1.2147522042267962,0.9725945104015115,1.0106722441905824,1.2877695454101479,1.000837848823995,1.0005413120435194,0.9998374217323155,0.9990816897651453,1.0004265183449594,0.047784776431367235,0.0908344461595123
19,0.25587834171420576,2.5472792761498444,0.03209917671655222,0.08846199806050879,0.1328302780707683,0.20560304483325254,0.5410055023189181,2.0400832561031503,3.055214695038019,3.001976120769286,1.983589333830002,3.10983786982758,0.9108087616241921,1.268384443096121,1.3042520160977027,1.0329455042306805,1.0734604930151421,1.0004953072138054,0.9997342927658323,0.9993875601715554,0.9994584184206137,0.9996712346483656,0.07860563377831076,0.13637239582430602
19,0.25694700249345837,2.307043885616686,0.04541969389010766,0.10682929374424144,0.07891145490641953,0.17763502897294378,0.5912045284862877,2.7172797223201925,2.1998370105210503,2.7826005006245267,2.3267721056210116,3.3249344879465883,0.45110419466083596,1.32370609916476,1.2825980743415202,0.7213852259827821,1.2038160730047867,0.9995611307904732,0.9993610875294318,1.000210936237671,0.9996662753559141,1.0009572730680887,0.0953891413829781,0.0738870100521721
19,0.2688884598719417,1.0520681495947055,0.04047347682744967,0.14935409767682994,0.12038070850115667,0.14861806546096276,0.541173651533601,2.6764953396443363,3.834266261395915,3.603187430581282,3.005103315661372,3.890201751268228,0.5156408186931257,0.5589638963521895,1.2052439837870748,1.3341412938074102,0.9853808479796343,0.9992882763328046,0.9998982000104782,0.9992025113954908,1.0002724755116117,0.9998339639897953,0.13334581569818094,0.05896937891888789
19,0.27293353720900176,3.762101430647929,0.03998778736393206,0.05484557050020271,0.0759031892724615,0.11238453592524676,0.716878916938157,2.500067719686248,3.3528630523860854,2.9182971991260054,2.6079667893709897,2.9218926563569068,0.5616953823339051,0.6895694994425774,1.3170595990019065,0.9860229183922515,0.51912879737097,1.0001419447093376,1.0003758051665854,1.000187856789004,1.0005949521027928,1.0005952425901912,0.0346008908715246,0.21929413002602555
19,0.2752124045885411,3.697483514319397,0.04661070870215614,0.08340547386346558,0.12361120595107096,0.18148069355358948,0.5648919179297178,2.2093691040260643,3.0015251121892006,2.9767767434692383,2.526692266931187,2.384501821532302,0.7858337157522826,0.8369318015711363,1.1982209492653642,0.9577566277244973,1.0566893513513789,0.9997851616144859,1.0002863419849324,0.9999976609860731,0.9993712763421012,1.0001357004295295,0.10259285793918868,0.03525693795805101
20,0.17597003450911491,4.105303067502304,0.02565687384678347,0.125318907208761,0.10768357551111464,0.16998027805515517,0.5713603653781857,2.632032797293585,2.211346942426045,2.5396313633388434,1.2204904613689482,2.3450772832361846,0.5495180993679771,1.238543810507682,1.0298555451302627,1.2796176886383486,1.009528610684197,0.9997580240688746,0.9996556417001691,1.0002220692359818,0.9997662697322502,1.0008702832376877,0.04420779980274383,0.16498628728113524
20,0.18179583808180216,2.4170998686001055,0.051586604985010616,0.06328663469374046,0.12733123830641727,0.17259353800958782,0.5852019840052438,1.985424220828752,3.2573308113284813,2.711786076399388,2.5702812774360617,2.934725511547418,0.6493315698924496,1.39979802183314,1.3127174792451746,1.0339421044796635,1.327637154783511,0.9994440357023792,1.000698477462384,0.9994658516950191,0.9990814087688288,1.0005005878394722,0.05089128276228029,0.15481053687587876
20,0.18795963985637532,2.974184094894592,0.04541690330267189,0.17799454221626165,0.11674989104903954,0.14055702406983256,0.5192816393621944,2.0854141308304737,2.942474368992832,2.6957347356573216,2.632027738186504,3.165897530977436,1.2146347411840133,0.635586944730605,1.1911682922951452,0.7661308743887324,1.3931339405088332,1.0007077052714328,0.9994755948565425,1.000997340809308,1.0002005918876433,0.9992547786029277,0.02932289611174697,0.22594529988192658
20,0.22271246142556358,2.850919707930097,0.03705625695773727,0.10683712646413442,0.12443559856981763,0.15751273255536696,0.5741582854529437,2.1690896831445095,2.998099774303542,2.9163144043981357,2.956938869374641,3.101081807317072,1.1922606863662415,0.729004471933271,1.3659112807807479,0.941913905660789,0.9681393700090637,1.0003351753337884,1.0005165764255768,0.9990786772718335,1.0002501280538154,0.9992024023501592,0.02798739092406998,0.23667116854085463
20,0.22822475702966874,2.4249684394883357,0.060609171835941104,0.06097582670204533,0.11173840423313347,0.16381142102563925,0.6028651762032409,1.977182805689701,3.246180652504785,2.7286490202605336,2.5743948132431016,2.9410207316906622,0.6641954558809079,1.393000695155488,1.3148586048305706,1.0334365956984106,1.3331150424316451,0.9994833518323515,1.000541155032209,0.9995043205801516,0.9990750647952006,1.000489607098659,0.051599346582203956,0.24531745589377785
20,0.23056624306976128,2.2993199643029616,0.06374733736845438,0.05966863576983907,0.12024408877717122,0.2147199152495588,0.5416200228349766,2.3368459676388604,3.2403092015524457,2.856864745518388,2.506698474974643,3.1288645057106548,0.6065838944195129,1.0997548905445615,1.176493749163574,0.7534492430451635,1.0394355272585591,1.0005475982095164,1.0006591907487996,1.0000066327110522,0.9995024565991527,1.0006383891527275,0.03064517805652441,0.2505877145455078
20,0.23239321398208881,3.5830140675487194,0.03367283529637035,0.06958088728810764,0.09171163319316439,0.13742422632713044,0.6676104178952271,2.15797315483378,3.616984213016595,2.84790701717172,2.2456529625848867,2.3648249958515137,1.0228453826535318,0.5594206121958701,1.3363256748315393,1.286171621186919,1.0190625451995496,0.9997820843358745,1.0001025927572482,0.9994707583539942,0.9996980362356502,1.0000160120865251,0.07549229600903976,0.06902570519799153
20,0.24003160332921292,2.3127004458219,0.059230652865475755,0.06368747023395689,0.12607216045244807,0.21094727145717806,0.5400624449909412,2.5099782087001143,3.3971440918729874,2.7342930284867504,2.299056217347263,3.0967493997767774,0.6489392681407662,1.1386083344435636,1.0933379113850612,0.9639885386255355,1.2746469172658497,1.0005442947887506,1.0005142681719357,0.9996521194070368,0.9996362369394163,1.0006032327305567,0.02650495238272833,0.25427135351534136
20,0.25255808216245107,2.9073368959331702,0.04425118023930229,0.16729865129377652,0.12447166536165317,0.17895651224348735,0.4850219908617806,2.38098471474674,2.967359925509447,3.0821186533749723,2.6860425651839925,3.131545034597788,0.8271177654470798,0.8919621109355198,1.0704939704082916,0.5255802110329154,1.1789515817646186,1.0007228193974003,0.9993939530316593,1.0003929692469782,1.0007554528736244,0.9992926140006815,0.03637094715255106,0.17953803083553072
20,0.2604835369313958,2.8157147730552032,0.05400882694134193,0.09136726352394874,0.12189617438477239,0.15534420904548527,0.5773835261044518,1.452927097907262,3.1053865826235363,2.872840739244321,3.0927909002850003,2.8410121476252543,1.0407325104980671,0.9192374378533185,1.2385013801766207,0.8089973433339341,1.1505202746688572,0.9998336727481253,1.0009413187342608,0.999021409009216,0.9995179336186238,0.9997461948129299,0.024622828860345752,0.2356539493655671
21,0.24553541237098345,4.823766007015495,0.048021536771970755,0.06533928371858494,0.09702899430566465,0.11490442776795477,0.6747057574358248,2.1768895528938526,2.582552335537414,2.80692262419796,2.8666424494277534,2.425488402433738,0.9669834986718387,1.2547198602114136,0.8402972812366882,1.0769253019361869,0.6914288742297606,1.000570897998112,0.9996503391444936,0.9996770337246987,1.000133475396264,1.000485002731579,0.023712326914381392,0.16398035046511678
21,0.2682624334489673,3.8729558425289303,0.050134103194067726,0.06327344560960732,0.10824837929028816,0.11421968084395248,0.6641243910620843,2.4941016207960884,2.749427206437768,2.7315143404365303,2.391291407449012,2.995434587251652,0.5088169745606563,1.124574896977376,0.5635892519914789,1.0663397959243488,0.5083807206531084,1.000973787443321,0.9998345121796116,0.9997916032397276,0.9994460577187064,1.000737874893089,0.004526410265447021,0.04397345517476009
21,0.2717640420522949,3.8493535360009843,0.01507590787127501,0.106888590479183,0.0783360920915966,0.16048408811156945,0.6392153214463758,2.5627768948111362,1.9970367355469443,3.7858688208944336,2.604040015002709,2.0410631237678034,0.7791418697075534,1.244351353049815,0.95031785530031,0.8512152900093348,1.3898121838280624,0.9998067394162496,1.000303569791142,1.0005805622642794,1.000853480437832,1.0009305820391263,0.09384174513293424,0.11687129277194852
21,0.2849139117801811,8.362698063760451,0.04708853513282022,0.12755127652392118,0.05485664456806992,0.1803996109272102,0.5901039328479785,1.1644169323667228,2.2144644388613344,2.670748119831102,2.52723090717577,1.8095219097181077,1.3163014567349205,0.8268532328856705,0.9304454158710398,0.46257595431663223,1.0580865202274543,0.99906045023498,1.0004880356812647,1.0005072679271245,0.9996107141794526,0.9996575214938399,0.0019231890543122453,0.03058729332937949
21,0.2999142948347507,5.297273303885901,0.040960881863209196,0.061598834616085694,0.021158256724641663,0.08647588688923469,0.7898061399068288,1.7649366944902658,3.229807284139614,3.3219067650949508,2.661679470665187,1.8499733642697616,0.8010088943542975,0.9847505399326608,0.8556590961845103,0.9061635144739271,1.0252152927773186,1.0005983642397864,1.0000498726445657,1.000079391329184,1.0004799921834084,1.0006852766343999,0.02887439538497862,0.13811971626631697
22,0.21417493651716152,3.5151729083219867,0.04695700628339006,0.059846395209086155,0.08980708049844968,0.1346186999882247,0.6687708180208495,2.4783705005906587,3.2946187110974323,2.8938804827471554,2.884904791160308,2.1172008625748124,0.6379298745205217,1.0501364015177257,0.9266456345109105,1.1537562231410599,1.3014092076283297,0.9996464062081407,1.00015238075675,1.000172929153698,0.9992090237038656,1.00035882804947,0.03683340292240642,0.16366848171656842
22,0.21759959895090292,5.141305225757911,0.008543534565215524,0.02290061349570183,0.10434147612473563,0.09680406535733706,0.76741031045701,2.309035048451401,3.6418036899466495,3.0876354398749166,1.9272226911440187,2.126360076774561,1.2686289715544075,0.5154170558477573,1.0730480719779583,1.152909093235558,0.8913475987648777,1.000383244920182,1.0000722867868395,0.9999825352816588,0.9991928397227604,0.9998391463714372,0.062348608722309906,0.13784624348878582
22,0.26109569760820533,1.1096438506699364,0.04169774420723095,0.08760693148600622,0.06374960928902841,0.15782874502068794,0.6491169699970464,2.524043237290116,3.6462245361106516,3.7992956572922636,3.003547298348839,3.8822980898980446,0.7870025035119185,1.1748883623299435,0.6824753274096049,0.6020506555422858,1.3677436546253263,1.0001473711661637,1.0003274263067734,1.0009134828904784,0.9997598901458248,0.999346491672197,0.09422432248963203,0.11220225779121727
22,0.2746391099232875,4.279314815201703,0.03383064997052396,0.029197677167643144,0.06646695266079472,0.10407583230568071,0.7664288878953575,1.8519131227525145,3.267921434453017,3.2817980468083823,2.398874127354949,2.254315738900046,1.1066311846270855,1.0070418049916814,1.302361168773412,1.0538429337153064,0.876860221228682,0.9998916962696417,0.9997960373936883,0.9997229495646883,0.9998792662766147,1.0005659596627212,0.04304737746082583,0.08460513458604416
22,0.2775871043331252,3.135044913407146,0.07406489919344084,0.05619169356167022,0.038756942958059905,0.22004380959025371,0.6109426546965753,1.7087792065234844,3.167425364922623,3.5614546557637596,2.924833280711049,2.2397865377903536,0.9385659120209314,1.391433936826682,0.8610858510362689,0.593274930326696,1.3558717591984693,1.0004253702686292,1.0009815592777112,0.9996452331914991,1.0008838170149923,0.9992739861529133,0.10192422615158105,0.047385627615758444
22,0.2794153355270583,7.739907011849011,0.013112859020290354,0.05573066099797129,0.06535988991005465,0.12478350367907509,0.7410130863926087,1.9921176162425809,2.425684019266457,2.39851887433109,1.9781754823656281,1.6439110451591346,1.016475492902289,1.0016157154813379,0.5555935520174833,0.8291186588114621,1.2000740773739929,0.9999216475743574,1.0007434086117082,0.9998692854907738,0.9996459944186484,0.9998148458888547,0.020558259808750215,0.05774425793385218
22,0.2795312910436412,6.099103770244684,0.013501751853740692,0.06654691930656774,0.06545671642643629,0.08107426824504278,0.7734203441682125,2.8394356479549776,1.779965303363087,2.7065247203433516,2.900703752038077,1.711783938407823,0.9018625083344314,1.2479134187608167,1.2982805727579503,0.40689146644229146,1.2001768325652011,0.9998327508384559,1.0008230443229813,1.0002699465743818,1.0000035354797296,1.000075357684286,0.017007615412084162,0.0861303529397959
22,0.27957390584643027,5.770309660386026,0.0307280846087105,0.05181055667664433,0.05309273310510748,0.08928679582819621,0.7750818297813414,1.713714192911192,3.386972405388526,2.413053166943143,2.0402416310092195,2.380001835848491,1.1510275003970012,0.9043856116840613,1.0451779210375791,1.208096492841041,0.73099713700051,1.0008178484539982,0.9992238684110379,1.000161846951655,0.999455071298842,0.9991262661905588,0.003311289649826464,0.09213410459344079
22,0.29090840208009416,3.3198334490641708,0.02537820231092072,0.051984047953704406,0.0687112883476674,0.12907614466225936,0.7248503167254482,2.114378319955054,3.0761086098471515,3.488288651325665,2.7545795796408767,2.1281115250959948,1.1307653100346562,0.9524592582393628,0.6797343553564503,0.9095583912819223,1.2971205009201874,0.9992206750963132,1.000748124552795,0.9997806663873491,0.9997101941837606,1.0008286640210535,0.04043636392981064,0.2274913615315562
22,0.2934366214725345,6.448124570893101,0.01476015165584349,0.016645295112615165,0.055031361500396864,0.0737056777986476,0.8398575139324969,2.309586637651566,3.3604000286181797,2.510195153712985,2.6937886904057633,1.982765770681445,0.9541965007604081,1.1134928191696827,1.0378021405295894,0.9938661671033145,0.9274951554203585,1.000001642438882,0.9990939093482522,0.9997895205684139,1.0003557266132592,1.0001118211562994,0.008411933797585137,0.19687289929617566
23,0.23310758924565697,2.464631517927547,0.061553578767739724,0.056638301807617836,0.05400372263796054,0.2039792627721108,0.6238251340145711,2.478911285022297,3.549431761023185,3.4875439321995896,2.431636520229827,2.925964628852353,0.45372388373039524,0.6445367852043586,0.9193434835475357,1.3732712398055646,0.9628447951181489,0.9997708236088579,0.9992480135471354,1.0006303610065315,1.0004407060525133,1.0001991896578202,0.02353935675038879,0.25404820659988375
23,0.23513171205539296,4.8775287725222745,0.023762353292677816,0.10926994061616101,0.03848625998494568,0.16684860935509024,0.6616328367511253,2.0664427485011854,2.308756717586165,3.797784364809862,3.0235862715389907,2.0839705278763145,0.9807402962274143,1.2188872685224998,0.5769717081142464,0.41864850192711806,1.0477955634896363,1.0007126599854903,1.0009990702504488,0.9993628773613821,1.0005980533626695,0.9992633970039926,0.019877928196411036,0.2843229751283597
23,0.2688928869212741,6.876382645296392,0.035077210373967854,0.06502764355979723,0.053435584655261666,0.0679005411978555,0.7785590202131177,1.2310336082487094,1.1250443161909993,2.8098776988501806,1.9743048518999828,1.6578179507971103,1.3374689026895998,1.3939620938086397,0.9823306246122361,1.3329017407666046,1.300445820914698,1.000817632935996,0.9992685886034502,0.9991010352468681,0.999259869326532,0.9998883070785082,0.05759172832001644,0.06843454042815955
23,0.27129456216552955,4.459915170644225,0.06684947110800747,0.08190837260652642,0.06779545637002214,0.14619928925757217,0.6372474106578718,1.651230434357146,2.941860934630551,3.006554602074861,1.9706414985877407,2.3153960059051837,0.5212880063004437,0.4697747278244478,0.8861956441975091,1.1390737738711516,1.2166546507303315,0.9998292909706402,0.9995509400467316,0.99987132344679,1.00007763356541,0.9999375400407632,0.09096174446565655,0.07746032906851866
23,0.2741304287196551,5.650124785734279,0.04394103357321866,0.04220203382537948,0.03082502939980717,0.06662818759317553,0.8164037156084192,1.8574268321114218,2.936960968804673,3.0608226211138243,3.0911502423821773,2.3925506899114826,1.005901443780621,0.8732629942380462,1.3089596864147104,0.87474719495072,0.653570198698498,0.9990392630686508,1.000944060486318,0.9999647565572408,0.999176139079991,0.9991786863178561,0.00988764419640677,0.03182625658675048
23,0.2824327040296884,3.5919060148188606,0.05012043536560556,0.06015155493240707,0.08677349736775308,0.17989447999752578,0.6230600323367086,2.4722654804879856,3.1758449576430943,3.6307259317962504,3.097384359572136,2.293661775454206,0.5454896525005869,1.287797557289992,1.2408858240708613,0.40237276909682984,1.356672544065345,1.0003738981168453,1.0009207812499057,1.000748384140218,1.0000166937896993,0.9995924971676782,0.02939359790340082,0.17011240297494523
23,0.2847476213635372,3.9854302269073636,0.07464487189440235,0.025894227317527545,0.09809877255862327,0.2176880221191741,0.5836741061102728,2.1171896703957094,3.852754414372068,2.676716412391495,2.1358121421393026,2.2610427715197314,0.6866925180903586,0.7506171607597637,0.8667500556326496,0.8256792494661381,1.3799759028918346,0.999230161916033,1.0003424506461713,0.999588326748854,0.9995933023448851,1.000494704633104,0.07036328876625736,0.055775375189093
23,0.28514204817142585,4.568845269005989,0.04595270954936891,0.04749308758246679,0.10881668748205187,0.14014614587765253,0.65759136950846,2.229955912259839,3.0382505879077115,2.2181515423800056,2.499960262934959,2.279347393628812,0.42566484977565433,0.9968616937542112,0.9078988747775073,1.1783002987369426,1.0339091086603778,1.000079662372503,1.000755079745662,1.0003754547293302,0.9995502327754445,1.0008995068725366,0.023787290299755657,0.16371810706950196
23,0.28771408063194837,3.6269692713304167,0.030404158959196514,0.02882423957470178,0.040797894530342486,0.09195836805983114,0.808015338875928,2.6494602922728503,3.7218238133833657,3.011579126843001,2.8472939808833684,2.6448853569117277,0.5228466213691043,0.400036005392378,0.5354857494156423,0.7191800125562686,0.8772966595276239,0.9999444553170501,1.0009043345354296,1.0008670205476906,0.9996590356962574,1.0004233928469546,0.014554690975963548,0.09837677916096091
23,0.2879455998242342,6.248887986752752,0.02558183586159748,0.08640653178155447,0.048760077298673085,0.06014059002392927,0.7791109650342457,1.1747818609510285,1.349183668057743,2.8692351140758143,1.9285738030121502,1.768523147552389,1.2558711085093681,1.3133309630534333,1.2010427630291338,1.2242620854674648,1.2238943399697146,1.0009587448725126,0.9993385930249232,0.9995049931782695,0.9990505998286324,1.0008231893550363,0.043675716355504955,0.04352118608623555
24,0.24862800699444434,5.474198683464561,0.03574386152152692,0.1513789162286155,0.08141722081477125,0.1685283320359842,0.5629316693991021,2.7360847489909297,2.469746688401731,3.186335387001217,2.2840824761259375,1.8672707288571393,0.5487278132864493,0.7947642071680047,1.1979492233608757,0.7585156478068554,1.227462750995304,0.9992591815337989,1.0000914928802709,0.9998265895415755,1.00022989060137,0.9996450501758384,0.08192674810108913,0.019089135630475953
24,0.2507250488449917,4.57815964402353,0.07022035794562696,0.07716652184381494,0.08556700925088784,0.2710046879307431,0.49604142302892706,2.361440781343235,2.5207838799715003,3.328319964841805,1.985677904605119,1.9868094457349348,0.6613710416976447,1.2003736942224372,0.7119172811998357,0.8927348397881197,1.3392495584854998,0.9999246205492405,1.0000573312836292,0.9999027785289359,0.9995613663734996,1.0004499032987813,0.024525887900116453,0.12422658507611402
24,0.2537512093195768,7.483131370553437,0.021623104599927508,0.11608330843672965,0.04514126554790479,0.1229724793303873,0.6941798420850508,2.527929050588358,2.0348785511761323,2.926029846408717,2.1292712632553497,1.5333229415255483,0.5203367755231297,1.1014067840159405,0.5587959354588629,1.0419897900178647,1.194453229035331,1.000012295791032,0.9990429691598773,1.0005358866215124,0.9997364962632016,1.0000770843596705,0.09024144383396557,0.02286501512927777
24,0.25526965553649306,4.689244369533556,0.05338102512138714,0.0460374914123599,0.059943222825815254,0.11740080696393093,0.7232374536765069,2.6728323300958867,3.1802512559348015,3.5254538197010277,2.882800296970845,1.8378243314455456,0.772278470257796,0.9618521454933958,0.815339778432509,0.5148080988731579,1.2548860286369787,0.9992912568941683,1.000638146384957,1.000509363075354,1.000272998858004,0.9991329411749212,0.054645721448393664,0.05386649988436881
24,0.25903590420148803,4.403769112490645,0.04332635714875114,0.09429460287177117,0.09460010598311187,0.20256458395849697,0.5652143500378688,2.3940714822955513,2.8213615547123263,3.0224233935554845,2.45161089441401,1.8077504433818645,0.8528764257729964,1.3641264006149223,0.560893428439327,1.182546861679001,1.1717546416033773,1.0000115995654004,1.0001980058444482,1.0006435644464067,0.999178033975843,0.9992977532740075,0.017084905114024433,0.223736091492637
24,0.2605631440087888,6.852302516055289,0.07166138888217487,0.107457931667843,0.0698803238112912,0.2276096956731393,0.5233906599655517,2.3690484461145727,2.25205673509934,3.310886926412396,2.0450342290506835,1.4301732896832688,0.704478937500652,1.221048356245617,0.7964775508186701,0.8917522902091981,1.3147611330310225,0.9995425422523998,1.0001865145406215,1.0004699751739876,0.9995331347432219,1.0001005855125242,0.03399723688441585,0.03908999394843085
24,0.26215476978522767,6.7412387819886135,0.01573698768623756,0.12085443098920706,0.03580208290090676,0.10095120559080216,0.7266552928328466,2.598205212708819,1.8221664788809724,3.083488754157346,2.3012174583533738,1.683327401763596,0.47227397664913573,1.1512646030863571,0.5511071386888736,0.9671560603910958,1.2394794047320872,0.9993123855495122,0.9997887674638288,1.000673689824851,1.0003446549949482,0.9994963158728527,0.05927722002866227,0.019110346255934985
24,0.26259904694278857,5.8398026467971444,0.045112191244885795,0.046837847507237546,0.0912306225120771,0.055815739360362986,0.7610035993754366,0.8131892625661946,2.630179043777532,2.1288983869092344,2.7599425360093615,2.2900734347452443,1.36471152257443,1.105835816711763,1.306123860854093,1.064832076450937,0.8153553234614337,1.0003492264613818,1.0009390332814472,0.9998281936858885,0.9999120676915172,0.9992047867435315,0.1015223611913536,0.03143232008453996
24,0.2787116309863913,4.9465156208242425,0.04530332720878043,0.032665920281280784,0.06315059440913065,0.0960853663835993,0.762794791717209,1.8928609131796628,3.0639448329765346,2.682409251568268,2.2462483338074435,2.1394746076834377,0.6483187187048165,1.3301775724715046,1.191356379414985,1.118525423693324,1.133757512267611,0.9995943720924337,0.9997241335740481,0.9998775898856234,1.000795584749921,1.0007081759576861,0.026653002759172803,0.17698543498248154
24,0.2818878431300843,6.148005126229785,0.045819332007991764,0.04537147702080653,0.10656718121250258,0.06514789372163682,0.7370941160370622,2.315437767100248,3.0489604906183985,2.3294847459846664,2.843715018987797,1.5028434062004932,0.5519528442918861,0.9301771192946409,0.9571149623487276,1.317020179475027,1.2394756053624265,0.9999698331577105,0.9995636477464678,1.0000960989523662,1.0003367666045835,1.0004937701307623,0.03854835490758554,0.10370456813851348
25,0.17480357555685283,4.552683157984394,0.04117677141521045,0.10559177114433099,0.08025277449996564,0.18088460553777874,0.5920940774027141,2.7450778668837343,2.367788644552099,3.562376262316137,2.4662963033043823,2.1909190153612,0.5451518878086404,1.1740985925859135,0.999381451143357,0.7162293700638048,1.2363582366278256,0.9992073378071934,0.9997546678275413,1.0002299743578105,1.0001339128552882,1.0000306615925574,0.024902912516833797,0.10393361538927273
26,0.2597850203513306,8.922499555153358,0.032532171096183546,0.13145464753359243,0.03622702666830545,0.057910282558466614,0.741875872143452,0.6039958636014965,1.2174647745040237,2.6981871292091593,2.8208522935231155,1.533856809576105,1.384937289221333,1.3853371794598837,1.3932175791630192,0.7695472546956419,1.0591928658842782,0.9993559109238433,0.9990813433019996,0.999353830135493,0.9992633486828486,0.999004016180111,0.09103399212737477,0.013584435262430208
26,0.2714299726908095,5.463908943245565,0.07377671560003014,0.14588959620429426,0.04304339377752998,0.1462780756416622,0.5910122187764834,1.866953836731383,1.5897184712335322,3.358565104327945,2.093959337609897,1.915008282904488,1.0564382309888476,1.266163801928646,0.7650412189694994,1.2485587452287903,1.3763098013263182,0.9996267164198884,0.9992880456263707,0.9999238194372134,0.9998724070410667,1.0009367260720585,0.013179657030092263,0.26433978983442136
26,0.2722039341667396,4.897981832807099,0.03202725650839798,0.09678061377333771,0.07038760878847858,0.11456469140664914,0.6862398295231366,2.3157018149800233,2.326692733272795,3.1021057582451044,2.6520424376084653,2.269627391182504,0.9249362258011686,1.3124383348904591,0.9036474802868675,0.8852639879168168,0.9511057198556041,1.000028467115971,0.9993602682817188,1.0004235612182513,1.0000041880224766,1.0001016660321513,0.019752810639563807,0.14858489045248607
26,0.27326799549841885,3.6648170031889986,0.0501165507165448,0.09473207923696576,0.04670152882788578,0.09359752259742471,0.714852318621179,1.7121842935399656,2.305921494027413,3.5671318910242693,2.937841265537751,2.3268199424180396,1.2202764781193132,1.3721262598070796,1.0773434859526685,0.7604752990518694,1.192162839036315,1.000303821913208,1.000239134216224,0.9999226214392449,0.9997185581128131,1.0002093512619132,0.03489666269603972,0.13869565779150456
26,0.2769338278177581,6.345847704561615,0.028479849822962935,0.1371362199131577,0.030682638705789557,0.12304531856945675,0.680655972988633,1.6409428907407515,1.4277846337164188,3.179948157228768,2.219837505039868,1.8360660234443438,1.059712318879473,1.0044562474505596,1.0972251322611604,0.57259754600479,1.2902846551498808,0.9995011195994385,1.0002481352285704,1.0006858044255096,1.0007679283778885,1.0007231268548906,0.054182884069366895,0.04506653950203379
26,0.2800635265534478,4.001442092570258,0.02609849404591156,0.10717885723885834,0.021069754604258695,0.11495889550521544,0.7306939986057559,2.553248748756394,2.15692913937279,3.668921219714129,2.6990332882951154,2.4141549670243014,0.40149827591805565,0.947739429723135,0.7255511681122903,0.6739940676166978,0.9500152723444073,1.0001488221634809,0.9994803455465505,1.000039280292435,1.0002480313056363,1.0005290149421684,0.030227036921912292,0.12039610632150813
26,0.2852459340375686,5.290010171835174,0.04486210173518557,0.052201297236793426,0.04476951786924701,0.23844590497584064,0.6197211781829334,2.7836996307513537,2.9013125831486217,3.3862192069443795,2.4454738835065712,2.2324440840674638,0.4223859559719007,1.0878453417346008,0.783199473646284,0.7691950507869558,0.7907805029160397,0.9990983092906884,0.9998891004639393,1.0007852847346648,1.0005478487325847,1.0006240760666973,0.07746519086024314,0.027622425863645224
26,0.28763992832399204,5.695501963832807,0.021184904883160285,0.08105388778516853,0.038681108351555984,0.10974216193780942,0.7493379370423058,1.986282837822518,2.0145299070237406,3.3397445745926424,2.0988440866753866,2.0071781111871188,0.9850911013342618,1.387823155629295,1.1364273806050387,1.289929614332727,0.9594832139098879,0.9990040285676667,1.0007518563531712,0.9997865013880951,0.9995574581459111,0.9999241541258242,0.005963429079585548,0.26643029256122236
26,0.28877348607311576,3.951287091364835,0.02277881432909192,0.057280844602620395,0.01676705244660024,0.09797805945613292,0.8051952291655546,2.845180248101355,2.6396784469871943,3.411555087942963,2.3534034022214696,2.8062265051274657,0.500425646259471,1.1151471505374166,0.8341458367839526,0.9923893643735407,0.7555584493383941,0.9998290855073675,0.9992454947426002,1.0008112674982357,0.9996837248358114,1.000996653212518,0.12302382966447821,0.02584760924731632
26,0.29188954182197885,3.0149357607029095,0.04483405998130329,0.10829455282038815,0.093973912368961,0.1204742605023169,0.6324232143270306,2.2046465780055846,2.1560396283437187,2.9549081351472424,2.668370107928003,2.63491130245741,1.1383631362761362,0.9477918815380215,0.47609208316794327,1.2012160694331115,0.9791666385771878,0.9990013425736618,1.0006475423890804,1.000184087705358,0.9991636616345402,0.9997239129758683,0.02695857588078109,0.18895356526694226
27,0.20958864501600807,4.358089260879666,0.022987925675650348,0.04896480071898281,0.07807649874358867,0.12548150650581574,0.7244892683559625,2.6370966222267285,2.7380746746390057,2.8872351903560145,2.455181440437979,1.7211494287523235,1.296620208029104,1.343933089943776,1.2419747824646652,1.2828794032274207,1.3487901522424484,1.0006383646133326,1.000298157053279,0.9999159862335838,0.9993342569524494,0.9992119432469614,0.03868264056055634,0.2032730069965925
27,0.24034115943724407,8.17923945790751,0.018551265366089573,0.03409412225533314,0.05738717708813335,0.11712290597632105,0.7728445293141228,2.3129086684527724,2.9126177588234405,2.041300991425036,2.1021338835317724,2.078019269246009,0.6208016979458314,0.9601536993570545,1.3604008953634192,1.025049084887776,0.7033755256012267,0.999875121932415,1.0001603819449565,0.9996415955517911,0.9999138033105351,0.9996174122593716,0.024783835060523823,0.17249954939512224
27,0.2560356204322994,4.965084152765816,0.06280872916231574,0.05454406820926701,0.07130337713719438,0.11474117011966299,0.6966026553715597,1.8480911313194432,3.415032379134129,3.2078079161065203,2.538407180369651,1.8269811339058342,1.1025199728248276,0.9679887524780154,1.0482964806942863,1.2076843840378695,1.2295723636927656,1.0002354305469214,1.0008471409469353,1.0005884311350144,1.0006483269171587,0.9996382546812641,0.017783973881089613,0.21324319224555754
27,0.258408123778212,5.774481834043341,0.042892637877052914,0.0590567561512623,0.03475543684839979,0.0678115007801129,0.7954836683431721,1.8119307043799524,2.863334654299716,2.8672577711317095,2.7962554146780727,1.6783742851306105,0.954937044096605,0.9068737211800113,1.2081604487841846,1.310273412763233,1.2773480783509512,1.000159174045346,0.9994407245530846,0.9990395488873699,1.0000814824307955,1.0001449467434234,0.0043462051553660175,0.19164731633766074
27,0.27259089620385263,5.694861594924767,0.053426916686689405,0.02888763476646268,0.06620537278522992,0.11778257965252673,0.7336974961090912,1.652227784472648,3.3153870862346007,3.1781586602451033,2.6572580987006407,2.1028704780483367,1.0431675730522596,1.0601738431048897,1.0571265867002266,1.2156969378031826,0.8917627171401483,0.9990781438583735,1.0002939875633605,0.9999892119433916,1.0007872698341618,0.9996343144144978,0.01613744484128365,0.20337225703088807
27,0.27907957551128876,3.046302765071339,0.03130086499401979,0.04507274019582187,0.03796769478520869,0.09193344617823662,0.7937252538467131,1.6513040118844906,3.1197745814708058,3.4837952057192165,2.4565344737292265,2.29459716103655,1.2638247526236195,1.2407395518363196,0.7752678459104514,1.0860326879724527,1.222637369863682,1.0008814911317214,0.9990405818413952,0.9997499024369241,1.0000558647438977,0.999903968505718,0.0401631280498658,0.174056277114508
27,0.2813537292983007,7.175985054623334,0.010198219747892869,0.05651327453082611,0.03720322480570693,0.06033128647210098,0.835753994443473,2.5340894241205643,1.159988904777561,2.223207428272536,2.876941892153671,1.4262490174043139,0.5953513541180955,1.39531380208892,1.1319006575288584,0.625719145423947,1.340782814719405,0.9998581175826939,0.9992179916010707,0.999151458673603,1.0008855474523999,0.9997917034864806,0.08401838103467119,0.039897934739815503
27,0.2838991238340107,3.5721301581077647,0.0552620754797404,0.08063129999507554,0.07194117464028213,0.07859898631212349,0.7135664635727784,1.639454332080402,3.1433795634934745,3.331513446618823,2.986318521937302,2.5361567565161143,0.7923521831400965,0.46166143823298744,1.3742523772075246,0.797031686081827,0.977792465571692,1.0001412061192279,0.9990085165517548,0.999442263738584,0.9998378509643966,1.0007528253209599,0.029965900160246077,0.22607485687469145
27,0.2868071950167453,3.6497780454830835,0.06919370163979922,0.06834749205161969,0.08008627234437189,0.07265407719673607,0.7097184567674732,2.0992933681576904,2.8932760626152643,2.5850985520692364,2.508123794633614,2.636953022419264,0.8482178482903263,0.8605143153444885,1.3774592864404755,1.2207790152006877,0.8874838037419471,1.0004986624986785,0.9990892422617332,0.9990959800814161,1.0004298034114671,1.0008862538628935,0.028484648846310988,0.10567438129446123
27,0.2869802571335993,7.010271049236207,0.023026941272357965,0.01566802609956135,0.04911914045633207,0.04688890311442764,0.865296989057321,1.5623818272743237,3.719029871440646,2.995396247778615,2.5993303169950654,2.224791439113009,1.181656643659866,0.763331567579003,1.3102595330404547,1.3643525833354915,0.556241157710475,0.999980544277639,0.9996664769192823,1.0005565308519306,1.0003012314471595,0.9992470437805202,0.01155134229274063,0.1899296150474454
28,0.20329565808626074,5.067357956913595,0.0421645346135531,0.1136156963970493,0.07938563983692226,0.10332776303513586,0.6615063661173394,1.0978885668158223,1.5862950337301416,3.016976482896583,2.9423256889797167,1.9241651194277092,1.307424470961849,1.3782929305365776,1.386802648806728,0.43689440253514417,1.0337259696860075,0.9992405491137855,1.0004991799137928,1.0004048497352107,0.9998293431211942,0.9990756719045967,0.017665273077521085,0.23656549776476182
28,0.24341539883702581,6.124133841264251,0.041809233947842694,0.07841454884420059,0.046642488030130706,0.08367527179604121,0.7494584573817848,1.3990795224803905,2.0873701243398224,2.7755762928479517,2.3030162820496485,1.8175077269130304,1.054566671054954,1.2924353446707446,1.2453602188697968,1.2347357733218964,1.1660626091050177,0.9992276180091231,0.9995149253237581,0.9991421880707592,1.0000403542121274,1.000275345583359,0.01937954355380003,0.13611956512350343
28,0.2515826852347357,7.8727121576694605,0.022240747911075047,0.10582898968044907,0.06756400806871074,0.1051183628089074,0.6992478915308578,1.3017226580391161,1.4201749851271042,2.8939804088769376,1.7503439080351642,1.7781485444681868,1.293839610709,1.1564410099432114,0.9394354464238444,1.1203811706890914,1.0746491084783363,0.9996060432856623,0.9993593861055673,0.9994556866605178,1.0000456850364596,0.9994164313465453,0.023281743057700418,0.12382783020952809
28,0.2602477252524001,4.100003912787384,0.05628537338090178,0.11760468068261086,0.08330904922888509,0.09401261160024844,0.6487882851073539,1.8502197064977954,2.3540641910075304,3.258056133534746,2.3052946372937444,2.231190639692853,0.6739890808677609,0.8796194340566439,1.1464293710935234,1.138704824044884,1.0500955207084945,1.000500943891894,1.0001566137497182,0.9998692410923258,1.0009149188707591,1.00002086203353,0.04429053838690629,0.0615516308580029
28,0.26259622249837733,3.6841069713980805,0.04522125423938274,0.09835510795660589,0.057550273527925105,0.15894772438955448,0.6399256398865316,1.6745935852515856,2.042667493437695,3.6901506360393848,2.266529302773503,2.5172846828758617,1.3322128663823813,1.363364751662905,1.3578971166582177,1.0136096226949287,1.249074929814606,0.9998283497690935,0.9991976561518219,1.0000536687818282,0.9999188862716482,0.9990614704086789,0.0432157839238914,0.15353498509553795
28,0.2635585376397873,8.430122846153246,0.033220073315402755,0.04561292710939522,0.02291740252102263,0.09044665362822699,0.8078029434259524,0.822919594010991,2.8409116697749845,3.5082069558928834,2.2565610221624643,2.024354306627732,1.3857818732481297,0.8480242118815953,0.6284952363161509,0.7052505168309285,0.7159759046322305,1.0000566741170163,1.0001892920122422,1.0008389057348357,1.0002421457287318,0.9993161255289686,0.015462299874146445,0.17083974742514998
28,0.26807474551368177,4.289669619860886,0.03805002101391468,0.06514521644706535,0.051601037849258166,0.12409248040121114,0.7211112442885507,2.0737428143826606,2.36456578036307,3.1161188205895125,2.389271585066691,2.29930540434538,0.699254991135219,1.3415069638468486,1.0878877435563579,0.8595281833676396,1.0845634311426582,1.0001299079167285,0.9997141565392158,0.9994069477643466,0.9999584447409614,1.0004729940028816,0.021835658281584614,0.1750376878668658
28,0.2707954963711111,4.18811344497378,0.04780521952810048,0.061622237065547425,0.04811666452684859,0.13127339115545925,0.7111824877240442,1.6984730892912954,1.113082388315016,3.213618043606501,2.1833619544653744,2.1979856425981583,0.8014368172308255,1.2826484188783212,1.3661840701579635,1.054447854790277,1.1530159007922727,0.9996790904544204,0.9998058241421691,0.9995932178965286,1.000326892359772,1.0002469796344169,0.027458310529650858,0.2310885572602508
28,0.277040275301717,6.506385635783447,0.042510176431810445,0.061518734137603164,0.07204308628639366,0.054205663214738756,0.769722339929454,1.7335289102130558,2.0701888202050687,2.453723831529497,2.7182950685890055,1.8368823251952693,0.7678591346390081,1.2367260612176016,0.6536658075639367,1.026152085825391,1.1200606604124312,0.9993720293613175,0.9997093251182962,1.0002016431544483,0.999418194894793,1.0004712707607781,0.023032268649885435,0.22075673638464063
28,0.27861748043665985,5.248380662055843,0.01880116588613859,0.046610833159961125,0.08271865681790333,0.18535762166395736,0.6665117224720397,2.704183535729914,3.4027119961759853,2.9059282889056823,1.503284302044473,2.1573841053186813,0.8453262370417856,0.42895676788817905,1.350097449608064,1.2804593526460477,1.1046275574098676,1.0004654964790471,1.000178207767744,0.999074660092812,0.9996332428024678,1.0000571267419252,0.031208468157559146,0.011816616543946437
29,0.21352794362549515,2.208156239419467,0.07169253046862281,0.07486478167682506,0.06403457886892724,0.1359014669806159,0.653506642005009,1.6689267771740803,3.722052937128599,3.5422498116958865,3.0523553769440137,2.839805206593706,1.0700792832290864,0.9943426862674336,0.9788438079093653,0.8100401678161272,0.8974506431194454,0.99912307097668,1.0003126776713471,0.9999233965252997,1.0002645725502706,1.000078716454649,0.03772671277190902,0.15346293378731732
29,0.24927894866822878,5.910484754119932,0.04949666908335946,0.044140262907221096,0.1294808165411618,0.13546399946793916,0.6414182520003185,2.4561983709886737,3.532041013207917,2.199008558751847,2.7136245081813595,2.019299972079661,0.6397505775642401,0.504267326662434,0.9032995621918259,0.5667985629483032,1.0593148587911623,0.9998123025758023,1.0006559662986267,1.000581343898402,1.0007869812680503,0.9996785790569934,0.044991945590734314,0.04431364325027723
29,0.2530841021108699,2.420699236770159,0.024591389207797895,0.06856203667942774,0.06844592432290074,0.1554499229032855,0.6829507268865881,2.877455940266937,3.69246775830859,3.151154961455804,3.0495074780822136,2.542135989075557,1.1067121024642712,1.0579005569764004,0.43679582874666034,0.4301901361989677,1.1781402303603272,0.9991291402255483,1.0004812316414935,1.0000126125311248,1.0004157593422223,0.9995847225184915,0.0524788617101591,0.12172844007690964
29,0.25724635703318743,3.0672461734781815,0.050069515585846845,0.1353056430454482,0.06670363733087704,0.15228114889422795,0.5956400551436,2.376768330113355,2.20925953311169,3.098753243080759,2.8505516228202294,2.8435869611457987,0.45618614266521573,1.186080487039787,0.6107616955147589,1.0837268909447841,0.8187051094174917,0.9991569337910309,1.000150622359892,0.9991534094571093,0.9997388174249098,0.9996824427719712,0.03249459742790467,0.24971583554629756
29,0.2586030821773879,5.541629133699283,0.024790231402951026,0.03176782784926983,0.06226791668288336,0.13210869854695714,0.7490653255179386,2.827785537271347,2.9536534033294704,2.4896695593691542,2.357755047909294,1.8208890490113538,0.5507095884733443,0.7873654546282067,1.0946038694768274,1.3181711673496923,1.228901387291378,0.9991058764394571,1.0003158344620888,0.9991056002730258,0.9990850392023048,1.0006082035036896,0.016172454145538896,0.06535763440479242
29,0.26005012286905105,5.003325315150043,0.038441131003045484,0.08234065070118995,0.06324254914496141,0.10128155239956628,0.714694116751237,1.5778812837085892,2.3915777586397335,3.218919330353627,2.375555238188835,1.8750203198547735,1.368992730232706,1.0877396002715645,0.9763535353115526,0.9765016016433298,1.1785765885440789,1.0004027540778861,0.9998662001814852,0.9993973118939682,0.9998385802229033,1.0007699148803033,0.0337329372484548,0.07743547668501169
29,0.26223267068371486,7.034615276615967,0.030569332521538702,0.013420585106082851,0.03331744406430502,0.10234802152283008,0.8203446167852433,2.285602540082014,3.4224651864008386,3.0097408876100475,1.9207135222421514,1.6541588610282116,0.772103259940707,1.3992204736662235,0.5189237347900113,1.0669221727132665,1.1283115676330997,1.0004137167894869,1.000540827701081,1.0005060128945293,0.9999550744351462,1.0006391871102225,0.017836408685049227,0.10450899909532319
29,0.26225981498536655,7.042354619950621,0.06138943877082138,0.020697891256323986,0.05030929872705546,0.15560578767942326,0.711997583566376,2.0945274314516182,3.4141845677792726,3.005485299740644,1.9211973071370874,1.6554022705864677,0.7705402364237287,1.3998074054701548,0.5215358935838444,1.062966910115664,1.1265160499211355,1.0004172266618876,1.0005317903122921,1.0005033463959612,1.0007212136103982,1.0003542736479927,0.022012182775847954,0.10381784787893099
29,0.26814588665810185,5.175111092141002,0.05211644467297274,0.04865279040262289,0.10452746455167088,0.19407751823138547,0.600625782141348,2.7863506974307737,2.8261814214059413,2.6724788635871857,2.1844398652955332,1.9787893838579484,0.4085245879353001,1.2080550656742373,0.6216127119146542,1.001869401306356,1.1792631845589188,0.9990076867874161,1.000500879523664,0.9991149201068438,1.0008661689048117,1.000832723791588,0.050681681860725955,0.0027747157801805734
29,0.2703734090473142,8.191518161622264,0.023162139254710994,0.022119294527220827,0.02099174992831227,0.08028622201312043,0.8534405942766354,2.7413489404257674,3.836512180769605,3.662207511397905,2.5365719551864627,1.4078261381523922,0.4064664218648132,1.306317726438117,0.4210030447887301,1.1000354822965517,1.0567503872229091,1.0006584848666389,1.000672681826767,1.0002770614822414,1.0009821268020314,1.0001621227251014,0.0010896985749034751,0.013834654982998202
30,0.23151823301587737,7.776721685522523,0.07363198043128527,0.021134325384695833,0.040489655512741335,0.26676742224145794,0.5979766164298197,2.014067961816474,3.527091090851835,3.0547451189571437,2.077597137529542,1.4934089769271375,0.4006548926350956,0.9343531740996565,0.43856442094325854,0.5876097326885229,1.3882195375682707,1.000458489729598,1.0003570772673183,1.000959225548299,0.9998419922482914,0.9990370646262259,0.005210085966620488,0.022999490398538575
31,0.2278296519774442,4.886817155611605,0.024209503518437505,0.07232410507606254,0.0674598880043298,0.15584677462751612,0.680159728773654,2.161637376024802,2.783382254127174,3.038428795859975,1.891181488796135,2.2367948897220242,1.0388982902642088,0.9319152129451224,0.8541858867754034,0.868856276961111,1.0577365481931935,0.9992341125911216,1.0006651627641558,1.0009879688672738,1.0002690776432066,1.0006130451476365,0.05617103963900898,0.08589260483370174
31,0.22952118592471024,4.689849367409173,0.041760804013702704,0.0803446134529875,0.04074926345471011,0.06203403655404611,0.7751112825245536,2.2887740364773337,2.8133002035982217,3.1849067915684706,2.684044389233273,1.9149952268874715,0.6718133066997338,1.146787695425476,0.57971728445971,1.017800074770006,1.363345233074859,1.0009182432374397,0.9994944422025691,1.0007991421191598,1.0004220666573702,1.000785981644133,0.03406569989067385,0.07448706982517994
31,0.22987146884854368,5.9494764423991615,0.026961378170035837,0.06445461164880922,0.04817404430241609,0.06033325580951222,0.8000767100692266,2.8786704029738637,2.12133122317364,3.279815559433912,2.9878287155509073,1.5573721044071502,0.538823623614731,1.3045687769693548,1.1760125100367316,1.338312459545953,1.3092733724907466,0.9996565244937182,1.0001445141115022,1.0004072997066684,1.0007018126750222,1.000519396999057,0.129297363763806,0.027245895264941658
31,0.2535337884482677,3.220190165710237,0.047714653812626275,0.13270787441869228,0.05448062759019485,0.10783943443272284,0.6572574097457637,1.940220286169786,2.380459289088538,3.067484458403583,2.5592022271737784,2.5414316416711547,0.8407934614658469,0.8848344390375394,0.8408914073027224,0.9322595598903503,1.178019564112598,0.9999155766317139,0.9997388855371182,0.999478737837002,1.0009009219843843,0.9994987023600327,0.027686438125081748,0.23445030069805164
31,0.26064771093298295,3.374233204389871,0.04961425011447316,0.10457945108058966,0.048640290468357446,0.09630382873488041,0.7008621796016993,1.6017236379083915,2.260507162402403,2.8808662056682905,2.223744139367083,2.5588759986796887,0.9539603620589554,0.8485574313997513,1.2217166002806426,0.9110944299468051,1.3564240892232724,0.9998518042798653,1.0001086429949717,0.9998308037853187,1.0006639456082285,0.9996001018681344,0.03208227945086306,0.25687460617787
31,0.2611522306308144,4.548211578051018,0.06876388546581207,0.034127114202547874,0.034715057811158065,0.19022863146059815,0.672165311059884,1.6106276754899698,3.4477297047154862,3.626790800740302,2.6935945656223206,2.0065903754195547,1.2164075485706707,0.5558527593769843,1.0992689423775894,0.8505745447648208,1.2016909444222659,0.9994066065566748,0.9997316657692371,0.9994135864108246,1.000964620285743,1.0003230147393425,0.09272033986642106,0.039976885953729266
31,0.2632803350629984,5.785676595127272,0.06473680792589367,0.08172549462840682,0.032623159659417734,0.14123591612406786,0.6796786216622139,1.4190482472483192,2.214422947862975,3.2301049103585444,2.2942228769790716,2.14188345125272,1.28767250267512,1.0597034439554045,1.2732844619903168,0.7643242241670762,1.0582757608084,1.000433785052887,0.999059079824181,0.9991830833987873,1.000040029800323,0.9990187981773548,0.11152023565052471,0.007018504649451572
31,0.2675428438028312,4.214186473397195,0.05055609892486426,0.11016727663423329,0.06127239739128589,0.12073379315617028,0.6572704338934463,2.0475595170763654,1.9961633613520005,3.693467566740024,2.9039624591730706,2.311703087557652,0.6257317489060515,1.090066808784081,1.3151115411484264,0.8632165775203797,0.8987111953795747,1.0008713329156675,0.999229175492736,1.0000984113011977,0.9991579719954641,0.9994130047594421,0.09602046833460347,0.05442851341323022
31,0.27006042940039954,5.790048352052597,0.01866493697200161,0.0919576526048422,0.03998091394170171,0.06619293034740369,0.7832035661340508,2.584349546605008,2.373163673971337,3.2535548684408653,2.9865392649903213,1.6463361553398193,0.6204636936307819,1.0078238247230942,1.2074447851319674,1.1871211099530914,1.3790340052954426,0.9998404328295949,0.9996092041651728,0.9999576298414976,1.0000668157720802,0.9996385661190116,0.13470987722532335,0.03276033965974921
31,0.2755008965071996,5.130131060529721,0.03254742941738963,0.11282317017968055,0.1045942969830305,0.11692459161256936,0.6331105118073299,2.172287605796548,1.9795137841387689,2.872554384539952,2.738618482841508,1.6486863059109822,1.1079505595783747,1.2427968268218583,1.1659856352290372,0.7097293306548527,1.204470594527065,1.0003128550240228,0.9990516948899568,1.0005376986080396,1.000163686097489,1.0000997432559517,0.012462839317774844,0.1632333707497844
32,0.22386843699614595,3.018129999368072,0.052797043045427906,0.18184617483151516,0.108304721704117,0.14484728110587727,0.5122047793130626,2.044958520713532,2.4371850738962153,3.1090487323332185,2.922107989149661,2.4976343985700886,1.1755008535121445,0.9592654964106098,0.4630247503612387,0.7511482676446353,1.3875802737718717,1.0003111542660377,1.0000285196212144,1.0001755161940598,0.9995597253082364,1.0008845533018689,0.02951382420378374,0.10852366807325814
33,0.22328052966194478,4.924167410277364,0.03381103509572887,0.016979609861672414,0.0975260843037265,0.13226967057786257,0.7194136001610095,2.3494659436788,3.771461720868929,3.5681755544657814,2.7853418135282775,2.2924440314954393,1.099284818290864,1.0684521654623687,1.287090020673988,0.5883944330452934,0.7819861829135583,0.9997924942558092,1.0009728736296435,1.0001789737200097,0.9995904803037226,0.9996142362604606,0.011435669884560889,0.19782295771939143
33,0.22648034057441582,5.468350063100887,0.03948898154234619,0.06202974307794865,0.05156954468895873,0.10666951874358188,0.7402422119471646,2.1268639028081187,2.269412097841829,3.7056967283714224,2.8327726927899417,1.719669921310906,0.45430072993129555,0.7889546808813321,1.116466539394891,0.4823277687877595,1.3820893282953626,0.9993221426024387,1.0000712754895236,0.9994852369687397,1.0004195765175237,0.9992945507260959,0.06991567132166546,0.09988384837325606
33,0.2308775902724446,4.507738321804313,0.05783664833227659,0.1223022657411639,0.10662616935417976,0.13869871533439793,0.5745362012379817,2.41757691333289,2.0911890568100513,3.022842133856158,2.951680669532081,2.3306043875272335,0.7453942630459478,1.1462867236106211,0.6967712841523347,0.7410730238360079,0.8087972512775031,0.9994955879215028,0.9994800157821563,0.9992327428350459,1.0003929081677627,0.999714388707958,0.008033467144498853,0.09047508092693504
33,0.269875922440278,4.652178880509078,0.03869268515546568,0.05506155818385369,0.09464408052541676,0.12595591867003086,0.685645757465233,2.5449442450381428,3.135311523096848,3.616329170285494,2.9639171741351307,2.289942517922563,0.7961501459089533,1.0327479884941353,1.2295745990573026,0.505050961397047,0.8436334026878674,0.9997746078071897,1.0003371218632393,1.000353199449586,0.9998370782584788,0.9997335195503155,0.006379406724405025,0.2518870597494943
33,0.27036247554902915,5.25417452499004,0.03807873586692694,0.06289459881588254,0.01902671095213955,0.06410541588691321,0.8158945384781378,2.103766536426643,1.6848159929577604,3.589263164813158,3.004912905807547,1.5705173822135146,0.8151801119929161,1.2444821513034086,0.4288324452514237,1.3476159601372355,1.218249403553413,0.9991942774657464,1.000351702305772,1.0006799570418432,1.0005775968933146,0.9995697600121374,0.04178114272189937,0.2613151606869214
33,0.27077714715403406,2.322472957578432,0.08004823720207664,0.0756214408423154,0.09148542929934204,0.17363637696853002,0.5792085156877359,2.2345872188365927,2.435028850050095,3.5031027248763134,3.084691410841191,2.989215754457795,0.7576333619220054,1.3523482156456632,0.475340042598576,0.9901385254594954,0.8759947748904262,0.9999335203134627,1.000285080394531,0.9998691439426569,0.9992992181991213,0.9992666374866974,0.09511935424581429,0.0834111309054012
33,0.2725631180132561,2.6525037872245956,0.06609384199108607,0.08026188179852878,0.0886860681275668,0.20050547001005725,0.5644527380727612,1.2500302348994403,3.2457611349166404,3.3721666226753704,2.6202313634288017,2.830491889927939,1.1927713314488062,1.3951565789887266,0.5576075143404559,1.0775658217965776,0.7841165769969669,1.0000352396892531,1.0000271968839967,1.0008075448843787,1.0002828774055557,0.9999072369980726,0.013621149781922127,0.23827815983791653
33,0.27472150247213684,5.132728003517321,0.08159034054199975,0.11770106363713673,0.072117643788215,0.074459676247865,0.6541312757847835,1.4347714343799738,1.76108769280395,2.542726495219947,2.4812536475671543,1.901043303842837,1.0354288221821317,1.0673135208727258,1.3406369168661008,1.2792398859762422,1.1398991737721056,0.9993023372132634,0.9995606896922639,1.0009083316348362,1.0001139034313893,1.0008357433658681,0.04386560948214535,0.041735629764241895
33,0.2748556597836925,4.192465833724183,0.05369091205808947,0.15200010384260768,0.08565080515743871,0.12473771292451317,0.5839204660173509,2.789338502088963,2.35381924799965,3.623637078702939,3.0809449023967472,2.261679763108002,0.41224688208156746,0.9911639034490042,0.6694606142972345,0.45233218677220255,0.9332356599125609,1.0009168184801664,0.9997399572572876,1.0004197946893032,1.000993476461138,0.9999457025822497,0.0027243631875773396,0.2833649341314362
33,0.2773594929245899,4.855935709786185,0.04985297482353169,0.0742901718191354,0.043385536018466876,0.11576631460103484,0.7167050027378311,1.3233935559547196,2.2522635375002134,2.613670868611557,2.256180074407121,1.9596159038803949,1.01483686899169,0.9881266221577608,1.2961238378903919,1.1053929272370824,1.343962419454798,0.9993415741744963,0.9993643119748337,1.0004486021670533,0.9994823099125558,1.0003674753026186,0.09822246240078367,0.05815321704414825
34,0.2386297352643647,7.839729912044546,0.04764285104725617,0.03580635377152012,0.05594296757765867,0.08576770306136935,0.7748401245421956,1.3846165697167225,3.5013508421526978,3.159317437955414,2.919613973903027,2.3309208550969096,1.161181439330876,0.7743034927381164,1.0990535104306416,0.9797547153650403,0.4586568976455001,1.0004474886099952,0.999173349580821,1.0006653321494192,0.9997109743045409,0.9999985232643697,0.09608200142259102,0.01675970175712513
35,0.2281269803703172,3.7349489055049716,0.04592319527915502,0.033932212723445244,0.07646834691491608,0.14733790413363382,0.6963383409488498,2.6738042581128973,3.5541434684544266,3.67299245350735,2.461072648038581,2.111770622646846,0.5207137214864064,0.5102045086809529,1.140257789101289,1.0776871107135557,1.347485914747115,0.9998934684997333,1.0006878370774994,0.9999141752851305,1.000689741947798,1.0006780127589796,0.09956878679028566,0.041906569440146556
35,0.24823840353016288,5.977087604210448,0.03441127147038285,0.1142986949260593,0.08379164747088466,0.1606026929128474,0.6068956932198258,2.732253899866496,2.158626863223034,2.386844833077077,1.9117130084365128,1.711680250357578,0.40254181713135684,1.233718294269232,1.1570175170860961,1.1407953106233872,1.3655091179809502,0.999135082584292,0.9998114239768252,1.0002486241921669,1.0008412816413328,1.000506292262847,0.03559944614054108,0.06693855609521818
35,0.2539657038449953,5.173284377761236,0.01987591519389998,0.1273513955115618,0.04157415545127804,0.16353403695803367,0.6476644968852265,2.3038430415057234,1.6871173442451624,3.2912141163402016,2.877616624381194,1.8622348284159682,1.1122278970086608,1.3802786790849781,1.0157462291631578,0.41900370353259264,1.0975524358943303,1.000640419759625,0.9999592844483782,1.0007029367961073,0.9996726019477247,1.0004688087607019,0.09267016848035113,0.04074602841315767
35,0.26090006399957527,7.231808052934012,0.03614061565862164,0.08913133908469116,0.062400694497246494,0.14200516596627163,0.6703221847931691,2.1914053263932516,1.6440759301011378,2.9692127060499196,1.8328994323042918,1.4954001102227368,0.9399751093965661,1.195655867103695,1.240542978556783,1.2082226911235867,1.208391746805602,0.9999153516071154,1.0004016997744565,1.0004604536599047,1.000709649605888,1.0003429611510557,0.04770807053973157,0.09175006983423448
35,0.2686526548726465,6.3718545324241305,0.03593513838205396,0.07383846162157222,0.05658372377156959,0.13035002969095813,0.7032926465338462,1.6890595693162433,1.9926807212208497,2.658934454153974,2.248488089877261,2.197648651826568,0.867636775946069,1.31913740271049,1.0421973215824525,0.8199639387128661,0.8442874815929546,1.0006196767845719,0.9993027060322961,0.999863944555914,0.9996405865417134,1.0000704187250884,0.02200946630630355,0.08900733917070909
35,0.2793457907825722,4.650094978656543,0.043509474613296246,0.02484937453347667,0.037558912193710846,0.11765820621928916,0.7764240324402271,2.161374320981858,3.395859055084761,3.5483727109436507,2.1859823300942685,1.9912893929381679,0.8719414774554465,0.732357653171551,0.9825817105454128,1.1699195346245512,1.33145167511403,1.0003447744367273,1.0004537607160118,1.0009344276064522,1.000705255377565,1.0005250468564535,0.07722543242292762,0.0339313706568419
35,0.28728126708065416,3.649442082001456,0.0478140972249829,0.060276843923546604,0.08320321532761586,0.16132308256109115,0.6473827609627635,2.4236723690372064,3.335482440316192,3.6818333443766473,2.3158202654615803,2.267870273969704,0.6832938467402031,0.5009340266741227,1.1910361862259107,0.8724077500016002,1.3477671390221555,1.0006572356256445,1.000684619474441,1.0002228364565109,1.0006786511869563,1.0005347658717438,0.04911321996153977,0.02789229454645677
35,0.28776223638332266,5.60658123605416,0.026965205038401576,0.08349269566836602,0.04577862672549084,0.09760434393370138,0.7461591286340401,1.9522723258987593,2.634953618758624,3.1579651045687123,2.7533227138371594,1.7739322971813243,1.0384698471125509,1.1928884603652061,0.40512987001245154,1.052592240739414,1.0935627787059774,0.9997386938365904,0.9998071030732737,1.0003933436126051,1.000587002093215,0.9998475151319713,0.018943921352365042,0.2327601527317911
35,0.2895763558081794,2.819497993281394,0.036574797197530075,0.06505413297982215,0.11186830186414343,0.13378048927428923,0.6527222786842153,2.691980407293335,3.728541895310705,3.127158195708971,2.6856263400096005,3.163239582155708,0.7292664970205719,0.5177518799888428,0.5764156602724759,1.2660700287155457,0.5922273492280031,0.9992227682273602,1.0001593907513522,0.9991261122321473,0.9994610554569466,0.9998615617538478,0.03526740037552313,0.1267888755895942
35,0.29008950645430975,1.276921571516406,0.05666038682776839,0.11111912068724517,0.1385848817902595,0.10380036473182602,0.5898352459629009,2.881940363324161,3.7898030681231285,3.248458828890456,2.460119512419412,3.7130374824777856,0.7011667432787605,0.5104883283917387,0.4278908026769295,1.3824345951808228,0.6784859156034703,1.0001542913053214,0.9995113130417066,0.9993641863701306,0.9996353218926689,0.9996892239228902,0.045883113725333484,0.2006198716069384
36,0.21410584316681472,3.038134282626146,0.021796355908254957,0.06544046493671012,0.019980315292121475,0.17056281265880605,0.7222200512041075,2.4981221839472783,3.224301556038036,3.646301596678982,2.48164180686667,2.2769896468063133,0.8124878821416887,0.9563682558233728,0.7531168474435823,0.9030152304055559,1.2998190845967077,0.9999624908188199,1.000262294614475,1.0007255723737296,1.000159926449065,1.0009846066805927,0.12029621429112834,0.05608786758858138
36,0.23880335961345556,5.535806731242617,0.021995241365561354,0.02521489405633006,0.03776115369549544,0.10288320143144085,0.8121455094511724,1.472506605349656,3.405581234354887,3.2706125573286067,2.931907525794776,2.4254269769892627,1.319560647757431,0.6810671407773385,1.2494158742790338,0.4512110389847775,0.6882564828607018,1.000344825459266,1.00082912901834,1.0004105732733921,1.0006087750804313,0.9997443258142797,0.004704175670799488,0.2749308431988364
36,0.25707940224127324,4.75500921358914,0.027931002453927538,0.043666599452217424,0.09995224213023939,0.1136853213107674,0.7147648346528483,2.626506953641477,3.4167483765745725,3.7377737186975795,2.6615011005462854,2.045647324859692,0.6621608024600949,1.016592176244477,1.3268831625271817,1.173317986617881,1.0093614219001181,1.0003625917553567,1.0009673785440134,1.0005949893435508,1.0008008357318183,0.9994341137030001,0.0314224276775598,0.1858018422085137
36,0.2583584408878908,4.312504249043624,0.055390642479536914,0.06454770057263946,0.09332067356135257,0.06245502218346326,0.7242859612030077,2.7736600810196683,2.6091069928900654,2.8942673742052656,2.974916331666616,1.892182993261084,0.4798561430745653,1.2048610453011697,1.3107386560675514,0.631788943699332,1.2584065008392218,0.9998609579833825,1.0000480515014167,0.9990572725558141,1.0009435938176077,0.9996409691826622,0.01957653183792274,0.012378898888577301
36,0.26133577646846756,6.329417568558286,0.028063715219062025,0.028769927247015523,0.04708040369071283,0.07812605989524658,0.8179598939479632,2.5656937068129526,3.3080654056856496,3.052196866526507,2.247810645436425,2.4850643336038023,0.6293508434648724,0.879343823534182,1.3530055957470895,1.2116230450744476,0.5163088551292482,1.0005461602702366,1.0005793853718676,1.000973767691921,0.9998594188859941,0.9992884157344915,0.07346391300821253,0.02231264412041794
36,0.2636192564099378,4.3463043155499514,0.026951471455476734,0.024696411288143566,0.06706138303819818,0.11693694463614264,0.7643537895820389,2.393357876988403,3.9941341980391902,3.6603290716524226,2.796161353938301,2.5864380522141737,1.1969498528618079,0.5413860067682214,1.333899674354695,0.8547554145985237,0.5467203858317127,1.0008563079276642,1.000892380930181,0.9999632165283872,1.0007731356929217,0.9992930686889792,0.002231997326890422,0.1670148637256291
36,0.26566806443474483,7.153351284940126,0.07388825098321834,0.10968474726938235,0.08241612187868161,0.214478109579568,0.5195327702891496,1.8143598037303326,2.3193872024567392,2.46575395249098,2.0021723078107754,1.807375306843522,0.47675780599566164,0.6792675868613078,0.949422770699335,0.8592106878196826,1.2518360909806563,0.9993717739738474,0.9992213890840285,0.9996084461130093,0.999853351226768,1.0000856274566252,0.058895970212446025,0.009841221403226815
36,0.27702195523925943,4.692457482539751,0.01135178766600437,0.14191813608471507,0.10148230255401704,0.15859644932892555,0.586651324366338,2.519309454986696,2.681133296780025,3.7026692125054756,2.547161744880799,2.0617131271834235,0.900192115855617,0.8236612143177269,1.1542564571043097,0.860588900195528,1.127575562927968,0.9994175760802454,0.999177667715558,1.0004035887967446,1.0008499439934102,1.0009168867985672,0.12874327159695179,0.04610712540443561
36,0.2785217647727718,5.089837310030788,0.02636581482838908,0.1031516206159253,0.05759055510121682,0.04110378217596062,0.7717882272785082,2.602027602954326,2.1598392600246576,2.992221356670647,3.004876378328176,1.8016133046237046,0.4575268697132978,0.8042121757846504,1.3736043290510094,1.084369895479837,1.3782900354703542,0.9991857136965602,1.0009478942915706,0.9990601361343504,1.0001094018338341,1.0008481986589686,0.03392770549964763,0.09490403519794194
36,0.27987027286425026,4.405324513535142,0.02929805079037619,0.01700823276097485,0.12622889591670375,0.1147635111031185,0.7127013094288267,1.4983149541188725,3.2029904129879263,2.5473675314150293,2.493807748838095,2.2144353787885986,1.0539207680824967,1.3148879797425708,0.6024416089501704,1.3423144655552735,1.0287787002130808,0.9993720978687128,1.0003793477481848,0.999583359497678,0.9990102411804166,1.0007142052232396,0.1401794952589313,0.05944450570016317
37,0.20618979809765944,3.0963750826690326,0.06142417982864433,0.05920630663023458,0.07646436482750232,0.22120522568906822,0.5816999230245506,2.5964873759876106,3.1668950260435795,3.4451934946004106,2.063593789783509,2.360990612682308,0.5221823988928175,0.9072840739320004,0.7869631735480949,1.1947189578829722,1.2108581807016499,0.9994318450849917,1.0004603718842922,0.9998178458386021,1.0009262407443171,0.9999060023280327,0.024613243312535414,0.1650140129802792
37,0.2479065047246959,3.1972403705983012,0.0462441632577046,0.058320745567324354,0.08173711246982496,0.18602818035161492,0.6276697983535312,2.6866204508207954,3.1379029327591583,3.3818449313616483,2.116423473859249,2.3767553178249834,0.5449356379674901,0.892419870615671,0.6388817674069763,1.1084290232288863,1.1526695936690399,0.9993091435249493,1.0005932319468587,0.9998168068487358,1.0007229601862278,0.9990549793923577,0.020386732594070634,0.18841244732200785
37,0.24943684543174613,4.685594029554162,0.02738263739564392,0.0875239753512032,0.07360537268952404,0.16920499196663052,0.6422830225969983,1.878706194482196,2.7125544872003267,3.1888823511760296,2.163928281827267,1.865291075025416,1.000521210621632,0.7381788825262025,0.6357356509117171,1.3536849309257128,1.2774954565567982,0.9995209500007994,0.9993812495255554,1.0000036540439239,1.0007599315831714,0.999857642404178,0.02578487364102082,0.17429390274763099
37,0.2565207098068125,6.464631797010386,0.0068046827899114785,0.11118641377669147,0.09481450194322971,0.06705792315970892,0.7201364783304584,2.8971221816110213,1.9678138012730382,2.240321750822258,3.0843307632136807,1.499193461727233,0.6367539125913737,1.0137418359631323,1.085234173867577,0.4481008289440632,1.354421956937048,0.9993596704833784,1.0003486916399758,0.9994021528751399,0.999878742260399,0.99914256011834,0.02237517515638021,0.2092784654316119
37,0.25947607572623055,5.949219437727677,0.033511771489102095,0.07937929378488164,0.08614221782339024,0.24455798485450347,0.5564087320481226,2.412333365730736,2.7544867300586855,2.7762252930433977,2.067007154583248,2.0296968077061495,0.8480918030675366,0.8618349078047587,1.0804292704663114,0.8894924336786056,1.130808957129816,1.0008524084783303,1.0007307598372492,1.0002298656016626,0.999416116657374,1.0005040882576786,0.13507103497004125,0.02914389139652141
37,0.26016916541620794,6.617833651528643,0.024598169007670118,0.10515309614688015,0.1199630826277712,0.1992758963978321,0.5510097558198465,2.6112229297693665,2.3294204832444447,2.397991498919005,2.287771782606897,1.8298444004935677,0.8429933985655864,1.142663021979616,0.9996082947426541,0.7213693782504752,1.188966998508511,1.0001993015990769,1.0005947819604297,1.0006518458302298,0.9994127304948774,1.0005679625064652,0.10097292534868604,0.034325306720808635
37,0.2628039284798458,3.071721619988795,0.040661192449684434,0.07021902691744432,0.050689049029822304,0.22370930961828295,0.6147214219847661,2.5292871402578188,2.943709185518908,3.3641642602084123,2.164145108704919,2.3350597499592745,0.6565647850557833,0.7276095143539584,1.0189804487153702,1.005369928727152,1.2670041826577432,0.9991848991470872,1.0002777163357135,1.0000008642473193,1.0006868689156063,0.9995160174828431,0.016889298472643605,0.23329704191714032
37,0.26578549028778137,4.582742830146714,0.05377960667534124,0.05187999705279682,0.030014787356385148,0.1820163636338299,0.6823092452816468,2.38411595422506,3.5633907661119,3.5588510715439865,2.109409842884735,2.3312588750687695,0.5045805110143945,0.9654589509349571,0.41589201926948516,1.26702059705954,0.8641059318720862,0.9991055236353307,1.0009098440793438,1.0003974640744158,1.0007059444081994,1.000363728404121,0.014152839037231142,0.2065876481053992
37,0.26888657453844156,3.204366585149517,0.05377944153601615,0.0389053914202451,0.07007457984603352,0.18138874897820836,0.6558518382194969,2.515919870991892,3.7785070547079247,3.453288430564131,2.0939817246307033,2.3613196862353876,0.4950893214959975,0.9722869489216364,0.4146880753767682,1.2408738914586088,1.126509025242909,0.9994634407827092,1.0007492867753658,0.999790043732382,1.0009739520012522,1.000449445035946,0.025931994709093183,0.16801669869793603
37,0.2690856374528517,4.5748582126000334,0.04549353887114162,0.09110052232416996,0.03945094215940447,0.14545011736043892,0.678504879284845,2.3344989802701033,2.8664418261499014,3.7809559491283995,2.4580855334358067,2.4162393792330428,0.6045125346264919,0.9393113187612393,0.5823165429542256,1.1225893290801296,0.8162757157962558,1.0002517281306702,1.0005648986016773,1.0001736425189105,1.0009445876977168,0.9995851760305908,0.014447446075238768,0.21659349561618693
38,0.17194794004844116,6.643159386047957,0.014273936793601337,0.19513307399754695,0.11332024925536152,0.20772042095839022,0.46955231899509986,2.729480983300684,1.8880551932492717,2.611623757758167,2.476002089766914,1.8183677449161753,0.6325946711945317,0.9570307159534147,0.5754305765669567,0.4345118198975741,1.3745427538660284,0.9996772468856788,1.0001451265664532,0.9991678021504186,1.0006363672258878,0.9995232461622766,0.05239131853694715,0.07625772666050534
38,0.19238488044837793,3.9422573093347477,0.05418126513623041,0.03760262222407534,0.053613350995197574,0.25080006217785156,0.6038026994666451,2.3945213699250893,3.9081529505765795,3.5543149537006604,2.0525283976657813,2.5352985908391927,0.8235047944480293,1.1650952663156375,0.8725991154697917,1.3341041021143272,0.9558884166772335,1.0007135684291255,0.9995179245029024,0.999835202326961,1.0006833850967116,1.0005228861517268,0.14813742963047571,0.046749297772915324
38,0.2064712640743572,4.745946853814262,0.04147388524714155,0.07511055776676046,0.15648329060036695,0.1192314046040432,0.6077008617816879,2.5339989987345164,2.297631025475416,2.7485613192613387,2.9002109672391434,1.7750622001769603,0.460854081601942,1.3361353548208044,0.44202785008514717,0.8899818810025111,1.3735582445394683,0.9996615092766017,0.9994424408538048,0.9992729629313514,1.0004285965493425,0.9995201829457718,0.027054620362477622,0.2502679426212223
38,0.23204600134791056,6.888098833651042,0.0719446585446964,0.10465611561597667,0.059226686349015935,0.1725251701981547,0.5916473692921562,2.0061544022188476,2.455169872163457,3.138778811276665,2.17385801892437,1.723448487958559,0.6141354619923427,0.9354327881698983,1.2622820496913019,0.7343374870210042,1.2821333637294898,1.0001804345930987,0.999386821040935,0.9997958153872444,1.0007548941832773,0.9994677013519536,0.07291507998765152,0.014464980977580796
38,0.23475591505815924,5.151935015673945,0.027509042022889528,0.05456368679682524,0.0797584198288354,0.0648781193277465,0.7732907320237034,2.697346339989597,2.8801266224798425,2.8680606746150255,3.075250711971334,2.242686156179348,0.7031144149756147,0.9797734735011605,0.9881320078977793,0.6242175729161958,0.7319116791845344,0.9991336719258102,1.0004063278558415,1.0002917362276191,1.000285716341962,0.9998292600056172,0.010812332498434302,0.07503123928651195
38,0.23892724784179029,9.971274424867026,0.09182426605042844,0.02791667354552798,0.03303692989897099,0.08630304819651367,0.760919082308559,0.4117323683626021,3.4979434618781093,3.236274251119506,1.5688528123229921,1.4000692264525443,1.3885079491863452,0.44619148001827696,1.2640580272744575,1.191255791389577,1.2367313128147719,0.999470586118522,0.9996334342652629,1.0003699190756832,0.9990460438001874,0.9992156822580378,0.07002145615743827,0.04807475094103136
38,0.24867248632039685,8.890476555822532,0.04451290631087693,0.1448970997853043,0.08705526266637188,0.07806872701714211,0.6454660042203046,2.0362973629469794,2.4055621421867612,2.7492285317659633,2.039686753824655,1.7247097257776,0.429769489925148,0.7739682788392631,1.0216197920484544,1.0849154640473102,1.0390189729773174,1.0002977327165188,1.0003324684810126,0.9998584042278541,0.9990844033778938,1.0008260284023256,0.021421007318539274,0.16540724237897922
38,0.2562410905745817,7.211823833457425,0.013647417645473184,0.2028167078756823,0.10638191014084133,0.2013179724827194,0.47583599185528375,2.7641076827693087,1.8726708151638447,2.6058990673001756,2.4405933260929453,1.7185277672253225,0.6962944672089943,1.0297196057681617,0.6148758027632266,0.4572989898341847,1.300432186561669,0.9999239114148045,0.9997824369811618,0.9995228164439759,1.000615905778638,0.9991601826610704,0.037249234916511706,0.04664365045255195
38,0.2760749173950478,5.039346271507213,0.04028766694396619,0.0856995979781541,0.10180213646270861,0.1202478687452014,0.6519627298699695,2.351457568829724,2.318111329066565,2.434291111477978,2.560787193596192,1.901200470180016,0.6848550430078433,1.244000306713124,0.7861338318365805,0.5068500023931453,1.238210530828873,0.9992625387829112,0.9996712256851669,0.9993008522353564,0.9999287502818364,1.000286634132231,0.0044186606888734,0.08551937700980256
38,0.2774484115962019,4.984658268038229,0.026599505265978585,0.111057561845695,0.13946751371277458,0.08614532806528456,0.6367300911102673,2.577207196226847,2.5537162431978087,2.4682191592736094,2.73787473369658,1.9555821865207954,0.4541595236065961,1.2038943866949763,0.40707592769519707,1.2311448130366323,1.3285836727189968,0.9994374012391511,0.9998340297669519,0.9995343584082683,0.9998516623730467,0.9997194979800322,0.029727697044469415,0.22195737037009933
39,0.22860437873446968,3.155885888425807,0.06636640800565206,0.023063485381509645,0.11787605903167765,0.15666931086403843,0.6360247367171222,1.6602175793618335,3.8595582907746584,3.231509035904601,2.552551885922451,2.4213445984303843,1.037642225732524,0.9474835596275811,1.3326788471830138,0.828912250017761,1.0460069565691197,0.9999267856690027,1.0001054976073909,0.9999573125076999,0.9998224317522466,0.9993144803336796,0.12557181940185178,0.0688415095018389
39,0.23681844627136805,3.5645315738012946,0.03314801673639679,0.040562732724187374,0.09568425387279332,0.10045634626059095,0.7301486504060316,2.016177725387208,3.7192801700983056,3.440500331592701,2.8608683533979686,2.1304322857880873,1.2795019776528294,1.0921208615430615,1.2404775125482024,0.8441371190124571,1.2943561115032722,0.9995731514554401,1.0008265257780236,0.9999811883671863,0.9993915396815419,0.9996311668713137,0.08877694978489317,0.07226622134302652
39,0.2755551418443162,4.216621677385883,0.03701129580186914,0.0960904093787881,0.03766983333090558,0.18741787545511746,0.6418105860333198,2.1339060229010873,2.733838202243042,3.532631153884076,1.818607311269688,2.640787275204128,0.5610886927966549,0.8358023369040415,1.075549956346639,0.9641197434100774,0.7835598019986298,1.00049556134597,0.9995239270047181,0.9992373002051219,0.9991621280693851,0.999822465792659,0.051377071121250534,0.03146856725717534
39,0.27660404460284094,3.495143593221098,0.0636393837284278,0.18165043787361912,0.014728814447087617,0.15762436812053165,0.5823569958303338,1.7653167076106266,2.5336775523520165,3.795829787081862,2.774290781434363,2.2611385640914845,0.9487300489060877,1.1669843242186575,0.4418639596673638,0.46036436287390287,1.3146097437388262,1.0009816161729437,1.000370318577712,0.9992348645839689,1.0004171238316126,1.000914795751705,0.05411649654225274,0.05865895129802714
39,0.282771720496261,3.499568671523639,0.04460462110349281,0.16970255298524167,0.1004862986310059,0.13162247549462622,0.5535840517856332,2.4081457585478323,2.424193319032185,2.847148637852986,2.7942388947057584,2.4180587456630995,0.6783521439252219,1.0011394883196185,0.9743545748857968,1.2479373874221158,1.2668843648771038,1.0003414479576893,0.9991709578712,1.0000035560974974,1.0005910175270702,1.0005681412043732,0.056126124371885286,0.0989088371141455
39,0.2844474257181374,3.266919138287989,0.016344746155306324,0.062027352734963195,0.05017321389496935,0.0909889202210721,0.7804657669936891,2.3703185346792983,3.23961213901339,3.7292848755540837,2.963162916303432,2.374630023611411,1.3947883555392915,0.8650825354766071,1.1972726052084166,1.2367511344236677,1.1852546829321442,1.0003743243840257,0.9996040278676385,1.0005394217760482,1.0000420366594955,1.0009111154110444,0.10555430287429321,0.0293001627682641
39,0.2854160187594289,3.3121870735144157,0.05161406379395564,0.09693807832223507,0.018248461965233914,0.12612451696348714,0.7070748789550884,1.7000943869039515,2.251184146931315,3.6697007072286407,2.967656888979927,2.3243304461519814,1.0116002274009168,1.1159408241906503,0.6285011282400065,0.5422420510039103,1.3072313182746562,0.9998975797430258,1.0002363341210585,0.9993278377630652,1.000865110140248,1.0009089005313128,0.06391488526148965,0.050759147732713186
39,0.28678645354777227,3.309809252307166,0.022630887176038148,0.13912177339436585,0.07183951078287744,0.10781646497334846,0.6585913636733701,2.503947683447989,2.626558133862763,3.7429341804115643,2.128552999694796,2.3617838159923235,1.0318368812711227,0.7907890290360837,1.221597514378428,1.3597381502430712,1.2440937017309066,1.0006148962027226,0.9990029269462902,1.0005607358909898,0.9998454778081964,1.0005629832593699,0.10477320210952237,0.02734638538013289
39,0.2882565278958506,4.7312683214136015,0.039474460987959564,0.12818206700298831,0.07190068870318596,0.24651755724976004,0.513925226056106,2.3812570860714835,1.961047063447061,3.5606141400632705,2.3681850719249553,2.1748839535631017,0.8698805844793274,1.219879967479452,1.18076371833155,0.8375023777385096,1.2066224004097021,1.0002699895937164,0.999051536384073,1.0003630884367116,0.9993790063861216,1.0000017106160068,0.027451194893722632,0.14108878483643703
39,0.290838722489379,3.6254442703851786,0.05954571792528377,0.16137960448193672,0.054527704951651386,0.20611899255738436,0.5184279800837439,2.2197369921051973,1.6690448836429963,3.2527390747669713,2.1405787037371966,2.755237106558272,0.8010293407720187,1.2673537305038418,1.2177784555975497,1.1514348529571325,1.1701869667629232,1.0001658237760476,1.0006299086180555,1.0000844355004548,0.9997212397999674,0.9995674743058275,0.07694352866881818,0.03699983304399418
40,0.25157523250461866,7.458760699978972,0.03377576845055606,0.0419630180196435,0.052895785992863355,0.11273198675916608,0.7586334407777711,2.7139405205808065,2.8074191882021036,3.176593617411763,2.5569724938866965,1.4232797928067502,0.49568839702303313,1.212533111586395,0.4408117749831574,0.7314448140202283,1.149752678988851,0.9994692186804852,1.0005262915539128,1.0001292802866297,0.9993720130084054,1.000780577988871,0.07220266074228412,0.016215837602995838
40,0.2562849568214444,5.072784562822687,0.05454973471337559,0.053269770784140025,0.0849158859365125,0.11992339894952894,0.687341209616443,2.445586942173587,2.9459068058072444,2.9142003438418045,2.4198949867899424,1.419134608479116,0.4939651908603992,1.3811368729546372,0.8237734174609037,1.0860199966908548,1.343367044356445,1.000738706155523,0.9998913617035334,0.9999873426910719,1.0005273942584834,1.0004253644984797,0.08616200714512698,0.028183199281998052
40,0.2564255630348923,5.288421823580734,0.037522366209865377,0.057918638727216365,0.06921811008876207,0.09588696293907499,0.7394539220350812,2.4765900362928956,3.3094696370460546,3.105487257847974,2.5144474546318047,1.784918262167169,0.6645893471603006,0.42639995731693625,1.105818278794048,1.1021414702585186,1.0638290408666304,0.9994681471420723,1.0003763431970287,1.0000663987651888,0.9994948748817766,1.0007152427074404,0.01683286313440037,0.09229275590640235
40,0.25867951843291354,5.091210803169988,0.08815300835185938,0.03958640841174431,0.13545108035215958,0.12210610994805683,0.6147033929361799,1.4070509849041868,2.668873150275861,2.16043389339625,2.599772767452442,2.136441680657156,1.0112997534804569,1.1378952629482184,0.770754406189194,1.3888800014793792,1.0452514729352258,0.9998411749414955,0.9998205245258751,0.999999619140966,1.0007106152574374,1.0006014584929732,0.03882350533578615,0.16136809946187608
40,0.26290057860574867,8.510671499212297,0.03224620192184788,0.04889314910463127,0.13658480752386565,0.09430255572489175,0.6879732857247634,1.704080196321785,2.516945172297108,2.3001386701862865,1.605280657430868,1.4177155360788902,0.8861737985653394,1.0542800375824648,0.61224407655291,1.221006375796317,1.306848413690239,1.000219637292512,0.9996752156430829,1.0004485205519014,0.9996650307404211,0.9990947400583533,0.012550032770429967,0.1968964822785703
40,0.27134152815245693,7.054479879530219,0.03228993049270591,0.04625642035973358,0.045063808030881225,0.060024994621748415,0.8163648464949309,2.4646967162668885,3.0692009255165216,3.292893785175311,2.4835375162623383,1.6468174279504588,0.4799856020208717,0.7888645694956363,1.2477511982621121,1.2083739015125097,1.0621377698245564,0.9996007195040983,1.0000667847817142,1.0007735666956308,0.9996861322296091,0.9996510509061237,0.007674006210444738,0.232757159200156
40,0.2751169575527246,6.239492122853129,0.030339180868714552,0.08505135191017169,0.06542125538035196,0.08014886925393283,0.739039342586829,2.833284971005541,2.1610479377039074,3.100701602708015,3.0791931480743586,1.6885870136716645,0.4469924107548243,1.380606079743122,0.9603526150171791,0.5561645626624784,1.1469586903357518,1.000964919147387,0.9998896836810862,0.9998836924853742,1.0001804712040285,1.0007603925726916,0.07998111327384162,0.033343120075183794
40,0.2756036717532058,4.6046911358349405,0.01852963642125644,0.07244099038785734,0.10548071410312704,0.22264145442955227,0.580907204658207,1.3272029477182596,3.3386033072942443,2.762205862863656,2.1670530378224013,1.8364266422998416,1.2669259019534982,0.8472986740092762,0.49658258770202085,1.1317869815232473,1.3658366557798156,0.9996122360986703,0.9996628577946173,0.9993241481105569,0.999215577999883,0.9998418380164601,0.12505418568787174,0.029677455113643614
40,0.2777443392738223,8.291879176141212,0.04804039295995654,0.031950938439465844,0.08787921610881343,0.1068171721383924,0.7253122803533717,1.7042996739999237,2.0515593232409577,2.159568933344966,2.3372019634277836,1.5303686807446577,0.5752921756055083,1.1162942082213854,0.853229119168369,0.5028989927257737,1.3231108929623197,1.0005577908480088,1.000245437237641,0.9995360194506795,0.9994363837158996,1.0003443599734754,0.12053711311372782,0.04594327782995114
40,0.2883247720098377,3.1626895053503103,0.045749788558535044,0.03177214999033657,0.0868456290986809,0.11583345120786516,0.7197989811445823,1.2585644201134831,3.8726095899908413,2.9650671697573467,2.4742475833791806,2.0557925093642484,1.169564358745073,1.2980010333659073,0.680050275126226,0.8301369440419947,1.3884542840794076,0.9996331524258202,0.9992174647331002,0.9998287184724768,0.9999799012127699,1.0005213939074498,0.017703292935394428,0.2340177355868168
