trial_id,fitness,Density,Prop: Tab Acro,Prop: Cor Acro,Prop: Cor non-Acro,Prop: Sm Mass,Prop: Lg Mass,Size μ: Tab Acro,Size μ: Cor Acro,Size μ: Cor non-Acro,Size μ: Sm Mass,Size μ: Lg Mass,Size σ: Tab Acro,Size σ: Cor Acro,Size σ: Cor non-Acro,Size σ: Sm Mass,Size σ: Lg Mass,Scaler: Tab Acro,Scaler: Cor Acro,Scaler: Cor non-Acro,Scaler: Sm Mass,Scaler: Lg Mass,External Recruitment,Self-seeding
1,0.1625579628530021,11.273029506829713,0.05042489686498043,0.37694114665773265,0.04805999853760235,0.232803460796122,0.29177049714356257,2.862060149459895,1.523034277774063,1.484300263300303,1.1512845242913063,1.2177430489259444,1.3039615323523754,0.49256822358243824,1.227594984514261,1.2663639062944334,0.2354600113966913,0.32293780811862044,1.5741406310373751,0.8494929023239013,1.13109679176199,0.9684315891514715,0.05595922943903987,0.05609506460708906
1,0.16635978842232466,10.965063380985265,0.06817820116880853,0.43260848445393757,0.15142328107233427,0.05081174218860171,0.2969782911163179,3.129195463618621,2.0837792892401663,1.1531623153849138,2.621249008030041,1.6066529915447192,0.16728297361085664,0.7770061911838715,0.23401514316636748,1.1124457623241866,0.509936125422095,0.39504358473551565,1.3634655830990727,0.9483653023398301,0.9598501177377698,0.9361535898195238,0.03071448116902556,0.09173752939752776
1,0.1895263390078443,9.824704865950029,0.14122510998135196,0.3625812666486623,0.13574283225565817,0.04092557193672642,0.31952521917760107,2.8298393252502074,2.219571054580093,1.4922615849279164,2.621580400999591,1.658349383260907,0.6253385660012937,0.602253821704706,0.7163985373007123,1.018037821796042,0.46479671681280077,0.33301933392327093,1.4367944646053337,0.8748214567404068,1.0473254864898505,0.9231703204318239,0.030262584288980713,0.10325539955631266
1,0.19230630033600307,9.769745706888939,0.11549340268233475,0.38180097824057185,0.1337025938121996,0.0778127368022841,0.29119028846260964,2.959171202223995,1.9989595203195665,1.4475303767618186,2.1652434692060183,1.636933207265409,0.38292990935913196,0.8098490550611669,0.15924801810890926,1.1197231671911476,0.5225299322795882,0.3628451010749196,1.4243239894811424,0.8446110972737848,1.0627965068614906,0.9257047007382407,0.033155426214278826,0.09087680126470148
1,0.1951729939761233,9.412773248481273,0.12982582933909645,0.3691044861971134,0.12410131318840066,0.05230643304297456,0.3246619382324149,2.794055429476492,2.2586078019617335,1.266098625683038,2.636777693056938,1.6435350486996596,0.2582795396586142,0.776584042892947,0.17940386212770532,1.0586570774330128,0.5194547475711127,0.3639733981785774,1.3056639390018725,0.973789107625348,1.0139071812484879,0.9086380743406809,0.027579084621921466,0.12094806855945758
2,0.1415477399982994,10.770218964760373,0.1346145885429912,0.328591981583753,0.03388525757646789,0.15137419932189708,0.3515339729748907,1.2068582744534748,2.7160851334901785,2.5955962648513897,1.1467619296505804,1.3916164859574551,1.1999785085876733,0.24314648114733223,0.22100938819103952,1.7524248555466146,0.42771045495709453,0.4326743473961225,1.6927595073238675,1.088780936083448,1.0301077313665137,0.8761103367878824,0.08694769298756654,0.02743818498059169
2,0.17125805773016312,7.530619709236355,0.16648156263016564,0.3191675222909421,0.20929658613035224,0.1608216470115659,0.14423268193697408,2.9514526232892964,2.6023519780061304,0.362099885646784,0.9759071283484272,0.6976099329960194,0.1792555129673083,0.4505665348914972,1.370907077117883,2.110988813178694,1.210058577417497,0.31443425160923244,1.6285014092890144,0.8571812578308008,1.0413121933287603,0.9597629870809452,0.014246563207308964,0.2097250755256056
2,0.17435127053278357,7.3780901682109,0.2546722759937878,0.3158270713276574,0.1750499411859879,0.16336752057684212,0.0910831909157248,2.7628517283326826,2.554947493597609,0.42670626938560524,0.8625097396424944,0.7122978574777002,0.10990685258044358,0.31473519016809526,2.1419017546749,2.1214200497477647,1.4445381157729993,0.31497482446739533,1.6707216108796061,0.8108675345148864,1.0050926664064221,0.9050809924034786,0.014778969514815698,0.1910988859577884
2,0.1795640729927153,9.812640478797931,0.26230864721293207,0.32082681575704014,0.10226181336980891,0.14963096794675487,0.16497175571346398,1.1670946178245956,2.6960462873467965,0.9031100786634172,0.23733989779626394,1.1543146989325346,0.9479009197067143,0.2548065572645831,1.9173408258072784,2.4873662579607925,0.9480241744331357,0.3577391216021819,1.5356400332939637,0.8379317153161705,0.800716601982618,1.0258238838637435,0.09566291904769367,0.02930791516313557
2,0.18205373992944796,9.265240832964295,0.10946240243419282,0.40705118837037685,0.030281116288198302,0.07820731404874695,0.3749979788584851,1.2587249000761538,2.6331184947481905,2.671397575880841,1.953279388397496,1.3806620031967203,1.5265566971563125,0.30543783754785436,0.3045350474348719,1.414366095150625,0.40856068073242385,0.4257562487609827,1.6906143417754411,1.1563811961331032,1.15211220466794,0.800739053073224,0.0800007324296348,0.028749042374751295
2,0.19287731092415686,7.684682382114939,0.1603078567753249,0.33999659210491356,0.21845622220547556,0.15088223638979945,0.13035709252448638,2.9470446694946397,2.569483602027441,0.44394766823694265,0.7202782982357369,0.6665501350492782,0.21113795912350358,0.1664163312967683,1.5633777238669777,2.3365700697087535,1.386968086373415,0.3147571967793589,1.5018444160159756,0.8574163376477342,1.0488484876982314,0.8999126088287569,0.015733797521072797,0.19828340600807984
2,0.1947890605136848,10.378442395824244,0.15275157641944626,0.34189226194733635,0.06344457854358651,0.17682038661513627,0.2650911964744946,1.2878850713984653,2.6558140541224105,2.147035298026387,1.2059712034406869,1.4401564716619142,1.17135996678329,0.3233500008453838,0.29995607830237137,1.501787603293089,0.4006298144952494,0.43393674625932477,1.6751646224862429,1.1204703172112316,0.9768587269342527,0.8384044093807729,0.0809947759305481,0.028633070026774628
2,0.19944964687912434,7.366373983796309,0.1283887504294156,0.41476876025203524,0.17665312136031303,0.23362906259746072,0.046560305360775385,0.931320749309206,2.818347950923184,0.9178002095153683,1.1015245281958028,0.634023152992057,1.9063884341781787,0.283443647980444,0.537392806158981,1.2703339454848317,1.9958807781953207,0.39444188047224765,1.6278411277955769,0.8231600237400578,1.1037210693579442,1.0125642687832668,0.012599046836442366,0.23153289253321618
2,0.19951002363341547,7.032330412070935,0.20908548210471264,0.44452900444330956,0.09198686640336179,0.10289661506236794,0.15150203198624804,1.560527060040622,2.1796623199600926,1.2193182878509279,1.2243004222820555,0.847855939915755,1.3000344614913721,0.7112316054738628,0.923781813156398,2.0052556815542557,1.2458520352767275,0.39413371649075546,1.6550655762872906,1.1452288788393798,1.0622318082061843,0.8654684381050912,0.08254289484362719,0.03191484091986324
2,0.19969214965421625,9.361225513053661,0.11015324709683696,0.39242376304528237,0.04347432473510393,0.09463123305227322,0.3593174320705035,1.156909940059722,2.7398403319368896,2.126960925991476,1.492432185132545,1.2554667583783872,1.0336642042567143,0.22595154649311872,1.0503557182582324,1.6042435626315048,0.4772515408785354,0.42022098835487615,1.6136557006233248,1.0704522175485431,1.1845537159331543,0.8608147889448475,0.08032057630049393,0.029199478897330156
3,0.15999690165909788,6.963609321550815,0.09018628283785682,0.6185039401181649,0.12417117471510276,0.1049168123907758,0.062221789938099716,3.4585829542193385,2.381849411745261,0.44708547572518825,2.9283776209542602,1.0382231083456122,0.4269914338258762,0.20173946174655083,2.4979778046127126,0.4970512478239199,1.2797411937254162,0.3424511898144815,1.100044322090923,0.8119782603921873,1.0528016387072698,0.9455722269495627,0.06932029582401045,0.05965672740923027
3,0.16418786167691185,8.946618194075686,0.0828542120531053,0.6919900668697628,0.09655544720873653,0.05028298554383464,0.07831728832456072,2.9554224346847846,2.3315895349370304,0.27858399650673493,2.9669782387759094,0.7583773578804154,0.5822273504665111,0.19700314082216955,2.433163427020792,0.8272594513153207,1.346942791583357,0.3379261455660588,1.0582774952941174,0.8052041275488415,1.082498679969635,0.8396039732730736,0.0600105914779677,0.06319805743245148
3,0.18189369403947772,9.81773772607788,0.09081095923904241,0.4340357950031572,0.14386648721786732,0.09541218524551658,0.23587457329441647,2.861880391380551,2.168685855311851,0.5835182260988712,1.0088753695939823,0.6798167946982427,0.9530778854949525,0.10929410649030745,0.19153395579373908,2.360195234995467,1.0088225327155256,0.27238297035845954,1.4306720559752684,0.9747382042435481,1.1073980141934021,0.82853192875308,0.022604285634114072,0.14176363107213427
3,0.1891477054298978,8.819105690602603,0.0784820044541494,0.64764482185489,0.1359331690601674,0.037098846112847535,0.10084115851794546,3.0279635487558676,2.499963386164754,0.25924823735066993,3.1421674784256135,0.6441197962722472,0.30186806983801345,0.10769959821663536,2.472169981744838,0.36532679964291537,1.2807942333029576,0.3411337434197196,1.0098930773063528,0.8104081279521207,1.0541812549819283,0.9367659337508827,0.0686483031721091,0.05577502254871262
3,0.19321921090739988,9.582026658605582,0.3218667664488423,0.2398846935475091,0.03826769326913961,0.07388979908949289,0.3260910476450162,2.8255771157311105,1.9613350724886636,1.8484258423898272,1.3642007915894672,1.6075272552643742,0.22586386363654218,0.22654220502147165,2.1249233002503387,1.8756463446665617,0.28410132419825534,0.29484366979452514,1.390528404789762,0.8445855977685517,1.103846765775898,1.167481288054121,0.03132568652714694,0.10905642816827871
3,0.19718866590606338,8.955430941837367,0.09079367379903394,0.6615655421316574,0.10343032343109242,0.050619988918495604,0.09359047171972057,3.0599377167368065,2.24709077833027,0.32317151955870427,2.884665136712388,0.8202123754466495,0.6470761388570847,0.1948945684751605,2.3374953764964133,0.9287686535913416,1.3781042472866132,0.33817067881680274,1.073580389378427,0.8064889106561886,1.0767004002117995,0.8702777979099996,0.05341773715686332,0.06667510086164138
3,0.19829869096836683,8.43799321792381,0.1021271817082073,0.6236097463627162,0.1329588815393379,0.06171913866051685,0.0795850517292218,2.864823297656944,2.4659069969970973,0.2538779007889296,2.9854186964473683,0.6898756454029955,0.39228594748705614,0.1421720355698814,2.4960982507716185,0.3102534306372293,1.3880785947440208,0.3435936757683053,1.0992124829952958,0.8071176006140358,1.1773726913805966,0.8346127636612304,0.07534163479006939,0.04436508429947671
3,0.19847639381693008,7.219357749553682,0.2513883291457561,0.4221442699921674,0.10956701404560105,0.16233435087384482,0.05456603594263061,1.9001590237051453,2.1629256735249807,0.6147213958564317,1.5196428212011406,1.4441520735832556,1.203137017026232,0.530840125081991,0.6319476262357053,1.8385783653690413,1.504392595544922,0.3269357074748813,1.5816030541241286,1.15692672816905,1.0606811606921294,0.9175417655284801,0.03872833806065158,0.07330668872659399
3,0.19893983793683828,8.659685641444462,0.046929768465313645,0.6986161192652729,0.10689860934625747,0.03824471451580452,0.10931078840735128,3.441838063040208,2.1911487219961874,0.36306206582523337,3.24809397789664,0.8116476517509987,0.37666809666135304,0.1442650079144565,2.424281465932376,0.7661263658732973,1.2311958065490685,0.3363992470896676,0.9349218594496114,0.8186002469090181,0.9107218888763955,1.1786913735374995,0.05355142089339404,0.07976433942235502
4,0.15485617708696417,10.731237342823242,0.04437382860841845,0.5573225374760016,0.08068129842847262,0.28766312559336443,0.029959209893742962,3.485028748974775,1.348443038094032,1.4912354393453149,1.5613702868831412,1.1490258425327697,2.230967308562854,0.2611486978391667,2.4100695758378308,0.8365918759309479,1.5355589316417697,0.3703297390380165,1.6469710494825573,0.8520230736630605,1.1477055511765817,1.0113063259179584,0.10111695943514357,0.02402252716476837
4,0.1602957800531588,9.807357163673611,0.12412218214058064,0.41518584649711304,0.08080520639704786,0.33669415915571854,0.0431926058095398,1.4001604070739189,2.249271695665473,1.6387080755973502,1.4018147552839184,0.5430959343898596,2.149180672235867,0.35055524396365967,2.4137917272782126,0.9216214121441997,1.8001352362184058,0.3580024900489788,1.5725444963245647,0.9047976335190542,1.1958895728638808,1.1624674603955014,0.066262758051664,0.04066066667050893
4,0.16341084870094635,9.260333421856975,0.1707405152691207,0.3097404306460788,0.11198702584706509,0.19003415295144552,0.21749787528628983,2.946952287160872,2.1070730776175437,0.9830234439028679,1.7465638432610122,1.1334289358000098,0.25090040908774075,0.7043564970242776,1.2964146970884223,1.0572222297042855,0.6835998686987268,0.3091961533566704,1.4745220557340586,0.82108364959147,0.8468413076697692,1.0894898419459467,0.020179986047944194,0.15466346346454105
4,0.16507813068375898,8.57539552006601,0.12424438991695765,0.4676691103311193,0.08944770860861766,0.17605601215922564,0.14258277898407973,2.730497034801125,2.09747180200213,1.7120575262597064,1.3579629400132873,1.04735478980208,0.5706548663354847,0.7115514542443578,1.2829481100479891,1.6752363329352786,1.0757277035675306,0.37542133741464234,1.386543079459032,0.9164708942149999,0.9821843219309839,1.1010704760626004,0.02343774207732274,0.12179160372696893
4,0.16556033327562578,9.995803301832279,0.07459436246471207,0.4654227471573678,0.08730262175713428,0.3330129700814775,0.03966729853930833,2.4253233304682897,1.8738557874581578,1.384932306160791,1.3988418831031253,0.9574612613348727,2.1709204387478604,0.495324807464257,2.4018480182766178,0.8826374356690087,1.3527433387549295,0.3534252735739404,1.6275361593350552,0.8688424571855029,1.177517728088153,1.0726379115128668,0.07907753471747359,0.03359250614889076
4,0.17538012458204028,9.518586005027144,0.09229910394850774,0.44314173151183534,0.05563865858701664,0.36624643956291786,0.04267406638972238,1.6040827064716017,1.8961184081607598,1.8272976473743885,1.3888628370429494,0.9022042406074519,2.072124804045865,0.45393455444197445,2.4209036269893107,0.84889258748453,2.1226581034821876,0.3588717090811556,1.638515264436027,0.886456260095098,1.1902437740970757,1.0999872489906282,0.06423261776322997,0.04027413364272716
4,0.17904935642836964,10.986484806739337,0.12348564735075176,0.3017179990820314,0.11644579985544275,0.19703726815668524,0.26131328555508887,2.5660706957518014,2.186130756325063,1.0011399064795699,2.045508893989613,0.9040411040730147,0.5494999896113235,0.7690053118016826,1.385421429215358,0.7195817679226186,0.8221352549718669,0.350262285478445,1.3429214165336734,0.8159572798459963,0.9421858953305365,1.08725590462348,0.019766076840832095,0.15790445297042366
4,0.1797177633056212,10.58632966878763,0.1145690608714285,0.3170547996316925,0.12294064944518224,0.17851532501757628,0.26692016503412047,2.7765041733666798,2.1227431174173734,0.9146187500632763,1.9855786034314704,1.033236363189561,0.4424119309413353,0.7957449077532525,1.0665222594208656,0.8107479497522101,0.7509459241641621,0.35886963980094333,1.3343238339901848,0.8213043019015385,0.9148286386651988,1.1094632009136538,0.019864747814226258,0.16605350183924072
4,0.18173021163524178,9.80807174425383,0.16160804191857747,0.2974130715528417,0.10879232037781429,0.1959715373670414,0.23621502878372513,2.820494625724749,2.066477345983813,0.9013828112931515,1.9975596376538693,1.0600551331873924,0.24035455357800117,0.8022686977080712,1.4993618601592522,0.831211038039049,0.8045417580466381,0.30710119823812043,1.516219011350131,0.820828853949274,0.9028703470579409,1.0931653820922713,0.020414231124922425,0.1515502002746596
4,0.182875544989773,9.801154519314412,0.10907696140924412,0.4588167401997298,0.053773892420895246,0.35486036866636306,0.02347203730376785,1.3266623105286521,2.25576358573225,1.7879241250420397,1.3887630510463145,0.7182887523507324,2.183397243387506,0.25629114479249515,2.4127976482046534,0.8793836953695974,2.1457079694047674,0.35823157851885357,1.6070479974568548,0.9232770826175111,1.1802001102984232,1.1310333178451744,0.06387140979321074,0.04112223860180525
5,0.17303262174134576,7.345169484784435,0.2468659614281615,0.24443064371787876,0.1767379521108286,0.20718912556714583,0.12477631717598527,3.0333488673952496,1.8961698444197286,1.2488492402129487,1.505237516057924,0.7794919028736633,0.1261924024387805,0.6565826143019508,0.30397866824701014,1.3465047469721156,1.554947150668709,0.3081527589440842,1.591022815607126,0.9272233318600263,0.9206111273200612,1.00331309932512,0.027993428615587256,0.12502200151874876
5,0.1741037887798683,5.498017986834542,0.18968788707376813,0.3575446295858636,0.19111178951814584,0.15694976908375569,0.10470592473846668,2.340210648476685,2.41606464776141,2.407179204384705,1.5789444824039256,0.581769519267974,1.004298839044086,0.16423945356085756,0.3700450471407616,1.8860027235026016,2.482825688047844,0.35127384663725486,1.6760536153647265,0.8279829103939411,1.0706453000119842,0.808974072614953,0.0611382712218618,0.043830117150263005
5,0.17880516992415282,7.968909342147791,0.2346173294749519,0.28835950907651897,0.18626654297997683,0.213134006159783,0.07762261230876938,2.8862924731832704,2.379679203722056,0.7208484998120435,0.7394724583748387,0.819394962284973,0.23571527608056947,0.48533746704768504,0.2731474239590119,2.0659271352896056,1.5485394986641405,0.33065563810647286,1.5421580653072553,0.9438247119366858,0.872597738031161,0.924897143962809,0.0280081777590719,0.11593307851017101
5,0.18051052423474967,7.208566352006075,0.23924568788361794,0.23175335352560733,0.18873949491308492,0.20531829636742627,0.1349431673102636,3.0614561215133707,1.7929272807034828,1.347568849354266,1.7858136092176942,0.7697543359130538,0.131861813722609,0.5850293596558102,0.17451199629844727,1.1153227455886445,1.5550848731855396,0.3134492646543468,1.5881656056867397,0.9294043192758702,0.9468243089651027,1.035563998203313,0.02721316577064684,0.11770752559745778
5,0.18138852187484403,8.978047375174855,0.2320687371529311,0.2821861389491749,0.16969095231151632,0.20798428686420498,0.10806988472217255,2.900061834608504,2.0856070537896834,0.518908775786185,0.5091745576553532,0.5200741062471353,0.25422104662180095,0.8176654033353552,0.12523268668747484,1.9614761515246322,1.5482932638840141,0.32278211875209734,1.4842488726484957,0.9407242036914693,0.8560058581102382,0.9342019836266773,0.028221381146164848,0.12178189045395178
5,0.1825591261952472,5.4090268777997474,0.2009260323001933,0.43756979033488747,0.07859173712418223,0.19361410208550317,0.08929833815523393,2.4484848070696366,2.640407693459555,2.279587937644981,1.745779526714252,0.5147724040223032,0.901002114089668,0.13363747859557268,1.9570847035834575,1.3961396404684503,2.330607580105764,0.3989583505866712,1.6993164944593426,0.8226938968799921,1.1190755011428524,0.8385258556516497,0.08754842472435226,0.032619988334162076
5,0.182799048000786,7.002481617763813,0.2447371137693249,0.26803679127664093,0.20894394349773215,0.20616836014315768,0.07211379131314426,2.798604501812993,2.2046887436625737,0.6458837899577219,1.4706406727049743,0.7145762608015501,0.6088721764161555,0.2372135047716115,0.8149058866861781,1.3533678189680143,1.5507090515045914,0.3056224863221259,1.6886716849837673,0.947903216280821,0.8569281406036171,1.165280281011448,0.0272913969434349,0.11584758662030202
5,0.18300780233839462,5.862472149151043,0.260411501217455,0.3652656436751611,0.10068301308798905,0.2191570101765514,0.05448283184284347,2.3119701050026817,2.7222056900241505,2.173264897399564,1.4165743259842796,0.7989391371328074,0.7385172705002915,0.16588848242386708,1.5322501204627048,1.9000887168185747,1.911606663389632,0.3532246037967204,1.691415093906138,0.8947907972244968,1.0407269088519713,0.9687305219302842,0.017781834605674045,0.15562425527218188
5,0.18589210499287645,7.228565746439609,0.24894322262451501,0.264598060706006,0.1692334692681285,0.2587383407768276,0.05848690662452296,2.9180163381347843,2.5641752310777703,0.903195015191678,0.9480595631887172,1.0893537627658048,0.11926527540366683,0.16966505122923803,0.7458590284971164,1.8942523393507902,1.6065157771930916,0.3003793957941968,1.5730616046007755,0.9286294616656372,0.8233063411152094,1.0933736631637134,0.02756766609659948,0.10635748203345663
5,0.18689417723451765,7.462236211681733,0.24758258338318814,0.24419430579925708,0.1783888072118253,0.22573854286038478,0.10409576074534474,2.9372850766184824,2.2457024498755502,0.5521242497144471,1.3380505792768924,0.716437958420083,0.4770056308892697,0.2547150245350428,0.7734824168097194,1.435819097064496,1.6498036761481834,0.3167388859653449,1.6017446247314457,0.9483862384638677,0.8273682678082458,1.0998150529922093,0.027822174651704615,0.12025651710741402
6,0.1550100541754592,9.752179889842004,0.35700715587552023,0.32182596716575906,0.12496349575627108,0.05997191313429442,0.13623146806815514,2.374020077481932,1.3270630378978305,0.96882173198524,2.5101579956644393,1.7832926612929647,0.6471520101604934,0.884663433332509,1.059692616890107,1.4147790633387838,0.3760802372237009,0.2741319590149173,1.5008500128352518,0.8146030112601964,0.8741786893841225,0.9028565101809328,0.08504727253749844,0.03844851718518227
6,0.15885174720047482,9.928276994982875,0.2824466131754781,0.23590677392668477,0.13322631424699677,0.2677319182412418,0.08068838040959857,2.8712588149891607,1.650667787735179,0.5722714344902378,0.45121198502810855,0.5613704595279645,0.315480649387124,0.7014300379206677,0.8181275468899314,1.7101152129724382,2.1418669332017184,0.29555130424431636,1.5510665911347417,0.9253326575773211,0.9648666976920459,0.9075050784198195,0.017351755527981055,0.19685647288917713
6,0.19055446474583868,9.897354174265907,0.36405570825038064,0.3245505856447446,0.13097760123006072,0.06260866653402937,0.11780743834078462,2.61159074735828,1.2265850399998341,1.1322760708948427,2.5894750090728094,1.7466639214973518,0.45405472193632085,0.8540660946155899,1.1482181897230102,1.003219898186832,0.7337621239187093,0.27256374463456073,1.5378428243455482,0.8050117936706401,0.9070642870670169,0.8818267470838353,0.08181367476220601,0.040559915366943824
6,0.19604107908560384,9.825956769658923,0.3500027681364489,0.3399500105613829,0.1412877548379317,0.05987496482754768,0.10888450163668861,2.6395009616699623,1.1443794521324742,1.2404681278527647,2.84569102651474,1.725753443008571,0.44417926439766847,0.7217208002697216,1.0244683391054243,1.0046479768139647,0.8355762700836649,0.27005690783025915,1.5533072398489112,0.8024688824301508,1.1969314636815565,0.8762088703594373,0.07964363752101353,0.043022152954830584
6,0.19717667259367228,5.20112307549311,0.3388120871708272,0.3589693236424683,0.12050154474110819,0.05944581356717636,0.12227123087841979,3.034931711905512,1.7872193564555785,1.3952674637584552,3.8982830295986455,2.4666614364039705,0.28584579378354336,0.2715813477637754,0.854907054616241,2.1752443014120133,0.3191205450525299,0.2975978982353939,1.5209963593415732,0.8305844532803874,0.862602659093855,0.852502208639387,0.11855384626914825,0.03195027163018492
6,0.19999425625177228,9.930584263962972,0.3635519994542868,0.3152312869332754,0.13897759355240535,0.05291500921806555,0.12932411084196682,2.65927484276554,1.1693595158930918,1.2419522644376044,2.7003564340735506,1.7517438463519528,0.42218097204573757,0.8028307574628528,0.8541104851019611,0.78880244072608,0.6508689643698751,0.27113164881483626,1.5359948340668625,0.8070508351367689,1.0713068180178609,0.8568110412016131,0.0905252328911124,0.036890328473158256
7,0.1771162998038648,10.460366345378226,0.2435487575175112,0.32445772915799026,0.07682902665401212,0.3239167416951329,0.03124774497535344,1.1029594107738514,2.3017068075086318,1.298485003385962,1.4395862207008863,1.4804452360183884,1.466994964010968,0.44365477582229856,1.3116194092879814,0.9194128289434789,1.1358018061610546,0.3242314933176413,1.6110151355885722,0.8404068532987169,1.1257886607420413,0.9525267150408692,0.02380538183521931,0.11793063796604492
7,0.18112036380066343,6.522448106115643,0.09017399869218994,0.6053643858531274,0.1626450506746502,0.08657331903018461,0.05524324574984777,2.379429316910863,1.6341721059053131,1.5437434859481722,2.766306243050511,1.2715592114576302,2.178632174000071,0.43562463131152485,0.6189113945990907,2.0334672479246305,2.178865096796002,0.33897857445393936,1.4874876937794033,0.8626907052394697,0.9629029183022197,1.094090194219624,0.0599904541624542,0.051495317994542086
9,0.15795016572894124,7.575744888810589,0.3249038749910162,0.35334115377623104,0.1527628572935897,0.03263279887677292,0.13635931506239019,2.9423741751333434,0.98867968505802,0.7943261711390541,3.8313743044293735,0.9146384993303778,0.3742937051477647,0.5114627665600948,0.6460739913826883,1.5909393680725228,1.1479787531077066,0.2855729770455188,1.670115641781912,0.9246131594994283,1.0982485949578165,1.1218348530861348,0.022034418855215312,0.1743293940845183
9,0.1606501108387404,7.060562008219821,0.07044408471807015,0.5104869178845535,0.17553431625219568,0.21011370541308924,0.03342097573209145,1.195116220298945,2.642696432371974,1.3541332263049126,0.6551884014484116,1.4054540809141105,2.127073822164072,0.28730754444535034,0.3252226071163531,2.308343298877784,2.42319287680634,0.4665582898687012,1.5505449410556826,0.9307102867454671,0.8225351913846745,0.9652987200056597,0.026709762735522773,0.09551744952407432
9,0.1689982838196264,7.591318255224493,0.2583453468634545,0.37841221878268727,0.19327865722674986,0.024623045295914768,0.14534073183119364,2.973042715577336,2.0946233693602325,1.271728206377408,3.612400442857934,0.7504958793270065,0.23307129435683077,0.6627688543824062,0.21598535578655376,1.2778798599319534,1.0953717606548745,0.266782691675047,1.415016143781403,0.8007963493724946,1.1511729555433532,1.09273512905435,0.024440228762292043,0.14668028021070711
9,0.17887304848347554,8.056968272593668,0.15663860767543375,0.308852524946103,0.1690378210413303,0.025550585808134327,0.33992046052899866,2.696180816098396,2.229287466748581,0.9375516314631646,3.234350408239241,1.2195091130531113,0.6260112831131682,0.596987327014663,0.5415128196361064,1.4028297023231595,0.5129375406086306,0.33653630317166405,1.331948053248345,0.8050526483845509,1.1576379326506776,1.0558686478222243,0.029848957922957074,0.1230691097861718
9,0.17993541658949744,7.23633264350183,0.24505385080528497,0.36884515582401384,0.18549741383561613,0.04278429683046346,0.1578192827046215,2.9660866167980164,2.1140625764737444,1.154582742402052,3.2485169747231817,0.8275541857677382,0.19607353944711747,0.658406213396249,0.5978429880159738,1.4864857486346383,1.1158484717450359,0.2725891399555301,1.3823388977729563,0.8007501088766081,1.152083115644964,0.9960571296241982,0.025640449646625606,0.1418509333411046
9,0.19120031065537596,7.147712166610677,0.2338499455396663,0.31631778804465477,0.16147477271251034,0.03302640905167723,0.25533108465149135,3.024716730232097,1.3531398597830875,0.9390899463868555,3.5698691891336645,1.1648455486712974,0.4066177418701069,0.6819792647511032,1.4373771791230574,1.8944578761906605,0.8329498665964505,0.3078431485439064,1.5876633029922282,0.8098450217534429,1.0719842024723658,1.0723693236495269,0.033903616744151314,0.1049821257650122
9,0.19377210309040743,8.044491289336333,0.20026468118854515,0.32452884749828764,0.1719540002821077,0.025306329927214637,0.27794614110384486,2.7126735441219916,2.2757297836677917,1.0034557150963719,3.261968763318745,0.9861849229599451,0.5742548444357499,0.632238464231918,0.5783378205658386,1.4299000530315729,0.7989254166933206,0.3306133606828433,1.3582450312951195,0.815141732072686,1.1529558168133363,1.0551190053729722,0.03068872437047119,0.11706060483115854
9,0.19402418184523776,6.316778418253387,0.0989487201410367,0.5285682069694126,0.1370857718827101,0.21323076976599814,0.022166531240842384,1.3301611675898057,2.6678655002266183,1.1317291234338738,0.8034946710699264,3.81070645420144,1.7643391229882557,0.2520305275364028,0.39502406600061046,2.19444434968848,2.012692556778833,0.49310720342114245,1.6323444562462828,1.1353183878515087,0.9535084524589484,0.8006095836156248,0.026758469863346103,0.08680115788747746
9,0.1953632865066454,7.336354865521318,0.2557380115569238,0.375212272818436,0.1683262028035573,0.03819263420424674,0.16253087861683616,2.902712928921277,2.1158156488524806,0.9361542648098357,3.331869268166472,0.7749947533990612,0.2222857393652725,0.6803861382035401,0.5545277276461171,1.431491382689406,1.1843290718313246,0.2887973366883148,1.3716106940026862,0.8014955222366177,1.055268216385628,1.1176382336868316,0.028125868455027948,0.13419080495871985
9,0.19628566218863097,7.2871811424191675,0.27770504198807533,0.3608139173717989,0.16501827052367937,0.04141378671381101,0.15504898340263543,2.9298060374743,1.7665089119599593,0.8682566478863452,3.671834142196877,0.7918006728334975,0.2743686975138944,0.6342936033359515,0.6362008564404126,1.578444854652556,1.2196219476273091,0.28672004711858395,1.4464794192932395,0.8339296408946391,1.0346472859170481,1.060710901397424,0.027878698598156403,0.1401048593023788
10,0.14033898215931928,7.397772174485088,0.28736856507910274,0.3120422980714068,0.09021521239870058,0.06181839732517182,0.24855552712561807,2.8049467638059618,1.8604148205577826,0.6910891893295132,2.2748840517890994,2.075069879764408,0.3930834616177813,0.36442883637026574,2.256406976717894,2.023865874388567,0.3408580923103699,0.30362982542849803,1.6088757477790536,0.8885255563327278,1.0260573848290815,0.859972921244411,0.02677702917752919,0.12331438609477216
10,0.17148637765149857,7.2912229919617655,0.14238436149520534,0.4192150001787932,0.07395529753941368,0.3571122969061533,0.007333043880434272,3.042790301537697,2.2911158961729585,1.701252350171504,0.3986158281854536,3.1913608628954124,0.16465086516349337,0.6417377325081429,2.4383919824429277,1.662589825398753,1.6943205237507835,0.2990054788311828,1.6137772805537998,0.8229989128038742,1.0520836979745365,1.0985861616819472,0.07293872316263175,0.04094265452903884
10,0.1830928262053754,6.011187942542703,0.2156302982370526,0.3560062617593789,0.12274660281673451,0.2851676698833848,0.020449167303449128,2.8195579292712236,2.18257396117766,1.0148495312094439,0.5980369336516962,3.2751657968914185,0.38739377372528405,0.6051822092540846,2.1051444686107774,2.4134185638903443,1.6301826699509914,0.3187484383222129,1.3730088300443704,0.824069400062374,0.9188829949784509,1.0210450478340685,0.04429924573086145,0.07739541106764015
10,0.18957070340594742,7.9215269932130745,0.3248779439381823,0.29824868555351874,0.10771095772686275,0.05657457589449815,0.21258783688693805,2.5943801693601034,1.8781589352284742,1.0598820788813765,2.619240194921279,2.1205693152684226,0.5838993819409901,0.583423748724949,2.2614100837348006,1.07782429416117,0.14754853964728265,0.2961863645304538,1.654402102071892,0.8853203525445009,1.06724181164549,0.8540736448437185,0.02244794246947546,0.12448586914680544
10,0.19020040972853566,5.632034819420903,0.23200423766747177,0.3450077965186537,0.09958945852057285,0.3063265912797356,0.01707191601356598,3.0193670049983514,2.2804553321647654,2.1565183630956373,0.4211497853544412,3.4935091259653546,0.257287287174743,0.5254020408527436,1.930710847493254,2.193464348353411,1.0384070008063275,0.318630572271366,1.4982614977350766,0.8236688084816368,0.9626788200801808,1.073214237617278,0.05694435285228236,0.06607445311159812
10,0.19489979637863264,8.257991247714171,0.3329389193015988,0.3414347278573194,0.07772071632386301,0.04288519885508872,0.2050204376621302,2.5648158294431367,1.7366005070167838,0.8805734848443718,2.9015577753609283,2.059519383509926,0.614406547239446,0.4982000494147403,2.0868033887089688,0.8981318114144821,0.11168169169374184,0.27957071409033396,1.692606560839194,0.8699395362147405,0.97743663000166,0.8089795015880392,0.024046647041007067,0.12180756879393506
10,0.195664561577751,8.860272163340245,0.2658062645382569,0.3508030144236868,0.10315610048631585,0.035327790126785094,0.24490683042495534,2.275233847741548,1.9017082398930654,1.103689764420648,3.110935248303386,1.7934567773382721,0.7365922391580484,0.7508900539434746,1.6595397880133815,2.1702081741278207,0.2609376642010185,0.3050059191953268,1.6858286802421942,0.8297987491763762,0.9940584388249978,0.8261559881489869,0.022968347624757888,0.12247442433034167
10,0.19631636971078698,8.044648745733658,0.33535564886597286,0.3188404389530052,0.09485561343607957,0.04646970700160969,0.20447859174333266,2.528799811031787,1.782700320859766,1.1084204899315573,3.0717732610005846,2.095674567486733,0.6180375993354297,0.533964462753618,2.0887916864281673,0.36966218974470605,0.13121615191844377,0.28234183585790223,1.6720602145588648,0.8828749075776321,0.993636179169989,0.8574667980402457,0.023481123646680015,0.12360004451532484
10,0.1980160948108519,11.397073405416737,0.27209569503818976,0.28113687140044064,0.09499970567026823,0.2788329437831919,0.07293478410790946,1.8157329667806654,2.172802684020401,1.7838585516740584,1.926761039866325,1.8931439171904096,1.1086506843819552,0.2927314306935254,0.3727262399503718,0.24634712978967244,0.4281349210156743,0.26113962064993634,1.6753809374211253,0.9149780161065849,1.1287080221097134,0.9340086836903553,0.01985325418039854,0.14508194328946206
11,0.12898015875091123,8.78881361747612,0.102853270242276,0.3367057474463033,0.3297748052849327,0.10408082778903638,0.12658534923745163,2.080355301677252,2.384073679761294,0.44379613303909166,1.9702862133727794,2.1186325689116323,1.6956656435974575,0.22716178459504538,0.40955810962443645,1.502286041040485,0.40909781597073425,0.40021861955291993,1.6872353968377907,0.8015514233839008,0.8188847502525001,0.8633359912530002,0.18334244941696426,0.013857292704609168
11,0.15669142106754447,8.211026910417761,0.05487430762011586,0.3673337900352125,0.37143214668566016,0.04422644418568533,0.16213331147332619,2.5851238838361517,2.430505072330727,0.4838354921489222,2.8135046596199906,2.076932335312189,1.987187993311558,0.29792658627285895,0.328005371349753,2.3385761911210547,0.3692017659198507,0.39336224291137495,1.6755715107521851,0.8041463838562364,1.0037979848578849,0.8868786563359699,0.19383541695182718,0.01334251116254508
11,0.17076598092128933,8.918646051819312,0.10738817924525579,0.3370320707418074,0.3151040942454373,0.10020556388481823,0.14027009188268125,2.0807788464221226,2.472774530965645,0.5526573482171226,1.8858473999776484,2.117440688837103,1.552102789598776,0.12429052718233714,0.6591490144362528,1.9837159467121122,0.4413914607460976,0.3971192794415557,1.5737224331750381,0.809626896111415,0.8458990127213305,0.8999858568477449,0.18274767442659684,0.01424454329760975
11,0.17442150106716123,9.079559275753494,0.09576845012712601,0.3139470587859081,0.3373212357304786,0.09595436389970055,0.1570088914567868,2.1838819036119634,2.1805082284036956,0.45597018960156654,1.863405254168885,2.115167043696183,1.5121202524286441,0.21944480665393443,0.8354121337740268,1.4047348390435028,0.5143746908757416,0.3863204823542578,1.6231840722289201,0.8075143805731707,0.8110897309772447,0.8001486609928349,0.1823063943885601,0.014337064469972264
11,0.17980297245620971,11.190847898953018,0.28095581601244807,0.5273392364285077,0.1139628021911853,0.03807042247478452,0.03967172289307439,1.2471713695483817,1.7519911160263881,1.0633203310105874,1.906503312717603,2.2635630623632026,1.2567581106356505,0.7568672478159053,0.17305688316340917,2.431766420560182,0.5646471005595637,0.2720631997539121,1.1408732859321533,0.8165381573049574,1.0673533795596164,0.864239473835785,0.02827856509893599,0.13199530187928482
11,0.18892304892404505,11.400347508359845,0.3252954134245143,0.4481126698294199,0.13081843205256774,0.05696255553180732,0.03881092916169085,1.2147120205857056,1.5897493753627934,0.9564006059370468,2.138527148393138,2.2869787947321094,1.2941953083580846,0.8052812438300397,0.19248295633117507,2.3845122000468737,0.5195390976479267,0.2774038632505342,1.1470912584934088,0.8113953029941378,1.0594649417654076,0.8641388457082342,0.02302531023567613,0.1642762169690084
11,0.1934949328022795,10.44756290459917,0.10937003701229016,0.35944889618453885,0.341705390981761,0.07035243664648264,0.11912323917492738,2.0271011253873166,2.0070931145221733,0.2252720878357221,1.8641720073506634,2.1287284641175477,1.4862512400903234,0.26065673800241507,0.5287016489459904,1.3315922318607125,0.3959047030150904,0.3932046935466822,1.6588978979908504,0.9178693520994551,0.8235311447266159,0.8798423888674278,0.18259591721073895,0.013145894305456695
11,0.1944784358957483,11.445398934216012,0.3069628621091894,0.4910985917002999,0.11756991511978364,0.043480081123458886,0.04088854994726819,1.1360286689640648,1.6162198135476213,0.8398523899862439,2.5919210314306067,2.3452434217439375,1.2936337339758042,0.7829397854006138,0.23670941442454232,2.410819035281333,0.5678972462501823,0.2704871876593318,1.1228458635993221,0.8072760761454634,1.1905631017254203,0.8727356130118135,0.02664786999008938,0.15607803834860898
12,0.13153217806779072,10.885956135043777,0.16780499894951417,0.3101304769477719,0.12269836369603651,0.26486809773572484,0.13449806267095257,1.33247693287778,2.599796288690373,0.4732193101285578,0.7702414698697078,1.1359718059190662,1.3170472843400016,0.21885055120003397,1.7789287997902932,1.407816446982652,0.9950116397975325,0.35992864121599083,1.6465509293509102,0.9084507642828928,1.0684603916457132,0.847546736901486,0.04756619563418011,0.05604373315914798
12,0.17267669789274784,9.787417631495517,0.07637263746394495,0.46931555184931567,0.09447306807999166,0.14718546763335882,0.21265327497338887,1.8641351818540712,2.310490153788483,0.2577022364639001,1.4856582229406103,1.5498106138715664,1.3298447805775964,0.6204268994129045,0.21925634003973127,1.4073102045885792,0.5380757395724224,0.4019360731300128,1.5592997430372935,1.1958082613998173,0.9687547149020435,0.8763135665630826,0.009556009716613762,0.2647300222371006
12,0.18423439046185175,9.687909150748933,0.10808138196760482,0.4023939045928317,0.09921530705880205,0.17962914708331315,0.2106802592974484,0.5235627064434538,2.272965431991103,0.4149052642539073,1.3992762319153271,1.417565025589752,2.0731247367094587,0.451726619009692,0.11370170067690374,1.635927393713096,0.5663768022033032,0.38048301071904855,1.5613737125677078,1.1754229541642787,0.8834328616494609,0.9941184771073039,0.010960592390532957,0.22998424717749796
12,0.18964787085958718,9.517701650497257,0.09265744283997443,0.45525135451608806,0.09014605897114673,0.1483933099303141,0.2135518337424766,0.4264019809794437,2.1800530322210365,1.0606750003865324,1.4095019456718312,1.4063465844966296,2.4734417323431197,0.5967436280788477,0.10006743791067858,1.7236909340907192,0.5499053709812601,0.3808677553068454,1.5611771371529404,1.1571858230971652,0.8354657793523931,0.9440681927216344,0.011222877967694752,0.2235533727944483
12,0.19144770713476322,9.304237485826762,0.1427357001192429,0.46184801456997815,0.07135704609352045,0.12185924647578077,0.20219999274147774,0.4412857319965535,2.066065927873431,1.2017475773539412,1.288495700632248,1.3376484474933281,2.4254787198889787,0.3130996731553724,0.17180501913056656,1.989791062631744,0.6531173480154748,0.38374415787040844,1.5579083565487197,1.163819560702447,1.013882173638667,0.807662600457318,0.011168073005900819,0.21702265232464887
12,0.19365937724022406,9.397183505371759,0.10402954977702623,0.4543530443280857,0.09767746599547544,0.11355347022985907,0.23038646966955348,1.4906942672886463,2.3217710814012897,0.9913429825686293,1.4424166625791701,1.6202974977672242,2.4917510237197855,0.4508298462351281,0.14129838695682836,1.7850384986226187,0.6467840333625685,0.38016081762157283,1.558603396156268,1.1813374114063075,0.8421195635635081,0.8697869894052962,0.01149791521881311,0.22496781367740779
12,0.19431568237642527,6.590229250067377,0.4543891450651397,0.22649257711250356,0.12412137412879554,0.14764832426996774,0.047348579423593606,2.232337300585685,2.029628193693436,2.175551368986548,1.884758771561226,0.9786600250805433,0.9060401901515345,0.4510375562925927,0.1580605537231034,1.440953512508112,2.2427038233026364,0.30271666410276893,1.639114909509109,0.89921221279002,1.1935001605935314,1.1477463098949552,0.1419251800677266,0.02289189943955588
13,0.1497049321164581,8.01108004990369,0.31559405265580637,0.5053668498312028,0.08508067628632962,0.05878604687747436,0.03517237434918673,2.130313388775393,2.4869156721325294,1.1898229835559668,2.5447147937328536,1.3731163683580232,0.6121001555577549,0.32395680921577175,1.4145018730965342,1.1951960519973013,1.6541740040659367,0.28791557164044057,1.1926019808873392,0.8892920457988481,0.8906509847661238,0.8308678624753745,0.05078232028964291,0.06340592552964705
13,0.16791610410860153,7.3538783139258195,0.2857606506081906,0.42916061347629764,0.07653290043731971,0.1766575875352592,0.03188824794293263,2.410608109927323,2.5443781169799053,1.144904203774054,1.4150197430437,1.1515960594386347,0.5519137537688455,0.250850949029148,2.027521951680004,1.3098727095794385,1.6029958139147409,0.2941181774072936,1.359474234855137,0.8893390793997028,0.8833501539547044,0.9274954405979392,0.05077929640664252,0.06555284825223409
13,0.1736776010193929,6.186903108648264,0.18637138568321499,0.43602093116805735,0.08110519699968494,0.07341993012820437,0.22308255602083835,2.769984955759191,2.1743820205765685,2.0141725464297386,2.684839043948114,0.748006707551579,0.4278568066950361,0.57308705695341,1.8643240111037982,1.605458399838798,1.138207984913415,0.34048109108987096,1.5648725833165165,0.9180949353218629,0.9898292825046614,0.9146849311972735,0.02006892254734072,0.14791515571008226
13,0.17842650238225746,7.358519064868002,0.28676680199865,0.3865267361409339,0.08653552423741818,0.20576010200806558,0.03441083561493244,2.4356571303228236,2.5942599515544704,0.8182253735719511,1.3875901753805868,1.6439075604871125,0.4888479953699171,0.2701089848752242,2.176917766385695,1.3934638723836739,1.652936741401742,0.2785023215791147,1.4350252697665846,0.9232582180137382,0.8800531523671814,0.8625859126857147,0.046667924889487435,0.07188958359961754
13,0.18302951773817538,7.320593986020277,0.2583699322358068,0.3334647840651954,0.08245558102743736,0.2938120746014494,0.031897628070111095,2.567480771473418,2.629114525818473,0.6618750675236658,1.2004542932378783,1.6738400980073962,0.43138125234406743,0.24937970295495976,2.01763174065308,1.4060173489810328,1.6313456075238615,0.27809731179791225,1.4834843224822023,0.9164568518316853,0.8817085859639097,0.855133429681442,0.04457072519580208,0.07680219692730023
13,0.1832706856746291,7.320321604679986,0.2686015543460624,0.37191821716717105,0.08012116720922756,0.24695574994010291,0.032403311337436104,2.5235690894790714,2.566058944429936,0.8472118191613314,1.3686231047246646,1.6307587693175176,0.47981791908672083,0.2620550154698028,1.988637898801769,1.372982637531413,1.6354635427560418,0.2825087872625119,1.4391821336578536,0.954224350161148,0.8756285727047483,0.8632958127423279,0.046559590664292126,0.07188081208867994
13,0.18951329878704234,7.627880546425538,0.3026736131590834,0.37727522503064415,0.08185356977998626,0.2052350607771536,0.03296253125313265,2.291401248370452,2.5167100031915295,1.4941781526930178,1.3260007219224899,1.0857249073504778,0.606630419210505,0.21977445246038055,2.0160494528298956,1.4139781386456447,1.8157449367708614,0.28212152472275626,1.4829233295545172,0.8415985719404836,0.8591207299342147,0.8654874091490473,0.046671131811154835,0.07364513433522869
13,0.19012271458738003,7.43620358408411,0.2907171797764713,0.4145655567741503,0.07762036289003488,0.18498934122302807,0.03210755933631553,2.413875680358748,2.615311414085837,1.1957159225590468,1.5007627364253084,1.5631215535119365,0.5579025751465769,0.3090900993890801,2.005685870415342,1.3250848723571398,1.7124630639611684,0.28523297048487667,1.403532512480246,0.8712495316205675,0.8819586066140344,0.958121078211918,0.049223109008391726,0.06734730067702134
13,0.19322938118256028,9.953010472008836,0.11943104020953042,0.4053008171956406,0.10465881750683653,0.10540468127172108,0.26520464381627146,0.5620036524519194,2.515256327917565,0.8043568442871842,1.385510064429042,1.635080311799339,1.8914420648540058,0.3454916405538832,1.6685765871784595,1.5346522711465391,0.534649212365338,0.48576049364126095,1.5305417686687308,0.9306099144893429,0.9050405672136034,0.897319424893058,0.031089072253714604,0.08288486182419993
13,0.1942307374690537,7.457813894487836,0.25437717027953355,0.34731935472747427,0.08110110161995714,0.28595204066324426,0.03125033270979086,2.6040453831109573,2.572456381932278,0.42076315526168984,1.238708581103562,1.3333720785644048,0.4495938242194515,0.252754414135991,1.7554335712823406,1.3689544100046924,1.61457602311074,0.27770229094957777,1.466261547866764,0.923355808354142,0.891122793878807,0.8537016471139496,0.045792730918365505,0.07207103748011709
14,0.15414562918151184,8.087392824134728,0.209537654627139,0.49464023853851324,0.21233312443855773,0.06039666439643042,0.02309231799935955,0.8270346269161865,2.4299288726711654,0.26860503743875297,2.7240226521634376,2.7200070494329296,1.9356960171006832,0.1484774564933929,0.7120325388542526,0.7754217135822274,1.3022398056272628,0.36425622157719134,1.422290239213966,0.9539828019840461,0.990403032392751,1.1006286142473265,0.08684200539308584,0.03263688896862863
14,0.16269537541180057,9.707213601278653,0.3643028103113609,0.28057129750261756,0.26096538348029463,0.06882820978242377,0.025332298923303083,1.6380823212429403,2.038984552330884,0.6190532107790886,2.8406434739353106,1.6529558539937155,1.244818490632528,0.21169812156480086,0.8465944339043006,0.5312758906115084,2.2105846729448526,0.31365634977013074,1.6959592946849595,0.9061590627434146,1.03644385303053,1.1843747253341943,0.08860033037929975,0.0268717791799297
14,0.16805029331156324,7.557083192534986,0.32246648793268073,0.369447124620385,0.2037938753385888,0.08822710462322084,0.016065407485124663,1.3251398878158311,2.485404941925253,0.23142364442965796,1.8712102981824115,2.627270921574996,1.2564234201339728,0.4545750681470259,1.0631579576091983,2.143792077448266,2.362928194925276,0.35436279430376333,1.5849451826430196,0.9865515461597469,0.9053123810120441,1.1449618393666474,0.0410939614653444,0.06922334032958294
14,0.17127450361410046,8.24822876810798,0.2435517706451909,0.43030898747222573,0.23770078349371018,0.07380701696103571,0.014631441427837458,1.0501935377080465,2.2577510788367885,0.23717595905016647,2.5251397348960967,1.145798215003819,1.6226814809665724,0.2676694801292081,0.5599257342910557,1.2587642581862375,1.8359802807826862,0.3523115672150303,1.382082800516731,0.939313254033438,0.9108760783220002,1.0798623396667764,0.09926024428775614,0.0309096758003643
14,0.1761401783978193,9.319867763983764,0.37826958198077804,0.3020147427669443,0.24116592649772353,0.06311106465122686,0.015438684103327285,1.5085526041306572,1.9612968172546248,0.23096635046480873,2.708775711426154,1.2206593644899735,1.2860145138719248,0.2559533455407661,0.5526794291907882,0.642441254320829,1.9999153683335171,0.31680505221803273,1.66784146787364,0.9053729129261351,1.1417191811998038,1.1118405494419437,0.09749005175696245,0.030702657818246736
14,0.18324053800646975,8.211062779826365,0.19053420056155218,0.40467742396836925,0.12944775070991207,0.25690269346628164,0.01843793129388478,0.5094157464326089,2.2671500794486037,0.5415448954791741,1.1778699277861266,2.2711854771041367,1.898161159026382,0.14350528931806514,1.6785057153221918,1.440838921836885,2.3141484094011857,0.4051327535302569,1.5945714922664227,0.9119163837703302,0.8346282173287566,0.9208126363856678,0.056398971312712945,0.04365208655811099
14,0.18617857166050542,7.310729262850585,0.17314471517151428,0.48010525979835267,0.25130058511677594,0.06823531208567671,0.027214127827680356,0.450159840938936,2.482078088121425,0.44464608348228735,2.519905658016911,2.141059005743409,1.732992718142817,0.2102576225358132,0.5983408112483939,1.3607878052574192,0.9306965291203867,0.3845792096599464,1.3861638753037535,0.9755424136643694,1.0040782895210474,1.1399205043834084,0.09144115514231525,0.03136425116922301
14,0.1873495978169978,6.303837476462586,0.23520059433588497,0.38975442451368214,0.22099295395431845,0.12968577611163631,0.024366251084478062,1.1570497433681868,2.641839636113917,0.4285459806522921,2.034159273058314,2.8499808849318713,1.8253115356105256,0.31877178026125996,0.7062689782024407,1.3517704356331603,0.836938358891576,0.4097584648528398,1.445024897287279,0.9815911055271048,1.028588472089594,1.1435006920959487,0.09257878583227831,0.03157359764789626
14,0.18831806651321406,6.7088544720853145,0.2365091988126254,0.4571451724401246,0.2099875788475159,0.0760838900193666,0.020274159880367466,0.632020809977312,2.685935483868326,0.34296499486751175,2.1833799746787035,2.5498871751695353,1.9139169604034325,0.20843144804822156,0.6922639399669378,1.3383524780628564,0.9786933239973782,0.3968868979722394,1.4553933402975225,1.0001062052733551,1.0131280465313253,1.094506389407357,0.09274943728562862,0.03240012810908068
14,0.19059224865609795,7.361561214670801,0.18234654257281047,0.46145986282643353,0.21760367909125874,0.10851198744937533,0.030077928060121998,0.7924393460916477,2.6045502605268855,0.48348609277246,2.034148705524656,2.7730001650411658,1.9525658189400565,0.3400600973529644,0.7273004420492334,0.9834388612737364,1.3534675632255815,0.43559711784951977,1.3849156151280273,1.012382115664377,1.1897645104993437,1.116209129482298,0.1138878790714416,0.023799314356718636
15,0.1979960850984045,8.762118201770257,0.21578275310526593,0.3431293413185107,0.18937857661803656,0.2313539179592264,0.020355410998960384,1.7336982544937842,2.7653000939061707,0.4440927455111521,0.7870540840167499,1.6157293722670034,0.41395025555889664,0.3183185721324002,1.5545525088246168,1.7374798018011581,1.896895965229416,0.3220785309986741,1.5654967817738161,0.8114359205225049,0.9500508551974862,1.0013553085864766,0.08383783082637361,0.0320698662914692
16,0.13765549948481481,9.066419536106663,0.42431916423357274,0.2948628865279953,0.03077529441962229,0.23042306117848246,0.019619593640327147,0.8480571941459762,2.2808071719140917,3.0232484723694832,0.5788268744139791,3.689786808182659,1.3443198957668716,0.26167463767440213,0.6929387571165467,1.7718014481312716,2.073573130542281,0.3410009108873398,1.5677241861533417,0.9459985183406028,0.9996087490261577,0.8842507661465804,0.1480492691909818,0.01751338102874114
16,0.15072480765483057,5.747515479780255,0.10833180984858345,0.5690341305303965,0.1484764314581109,0.12222549754766622,0.05193213061524286,3.2786386288626854,2.277012064615961,0.5195838071109878,2.567603567865303,0.8635218150234883,0.30081203828908404,0.32306160905300313,2.4101518595104743,2.48733314643525,2.4049388578627475,0.3774931393851048,1.6349404926132922,0.9266329713247043,0.8951287021127685,1.0198483813143775,0.02033609139029645,0.13832329283967726
16,0.15947850635551947,9.919772066858366,0.37644306380368525,0.3577031997904384,0.03359891263135541,0.22138637773820452,0.010868446036316485,0.49000214247758433,2.3767213613463936,2.847994208433791,0.3576456697286833,1.9846290586245834,1.6423854877942516,0.2937794510963557,0.6967634934874506,1.7885418678165392,2.0570735222988823,0.3473327014650523,1.5996876223405636,0.9360768911988702,1.074341522639965,0.8450200905817096,0.14864475565021298,0.018037355576060496
16,0.1648684016940584,5.830136665306293,0.10769659135473884,0.572909687849335,0.14233478220661608,0.12418113632421739,0.05287780226509269,3.269712510857728,2.3052212709867406,0.8435178370467028,2.467747588051943,1.0254524616086549,0.5217586425553111,0.18959674501172835,2.4458644574435353,1.9192145254923316,2.4092142566669565,0.38418955665472293,1.5916374577106156,0.9257111665779971,0.8629136255453451,1.0400847854047819,0.02097250243540001,0.13669183614877461
16,0.16652812248451151,5.705342582820753,0.09263620974064023,0.6060021095826894,0.13121421762925067,0.13074856018468226,0.03939890286273729,3.2523220729722215,2.5115711895167765,0.6717428730186911,2.4393389074938368,0.8585820798626512,0.412947088895676,0.25095518537527206,2.410241295781551,2.345851444380804,2.458383153532986,0.38349460910392125,1.6088986768621536,0.9065216727015891,0.8774006297340414,1.0207976743289318,0.020941857335593138,0.1322892231777275
16,0.1693162573481952,9.721578929532376,0.34667276268579117,0.43032918860412817,0.028910848170939578,0.1880494214194961,0.006037779119644947,0.44183070256629753,2.502937462086711,2.895983990095651,0.42182537464953707,4.188370358891925,1.6718182682460991,0.11628546973743302,0.7237813412789099,1.92386600404431,1.8135995611033908,0.37302537806221153,1.6211168847625923,0.9772255497196207,1.1077759059588987,0.8003074029652112,0.13026664303514537,0.01912554692511079
16,0.17032982260824128,10.499806205620114,0.29162020295971997,0.2330686165031754,0.06514536310992552,0.3150392854654396,0.0951265319617395,2.6594013449852483,1.9687825244536148,1.6348610094786342,1.6474685227943515,0.9722723261035193,0.44442834439155887,0.363797756637093,0.5045958873727219,0.7761921258579847,1.2315330993671834,0.25965969701875324,1.4641704426455942,0.9039318368147324,1.0833375929138227,0.82871509207808,0.02000077828683766,0.17500973563326938
16,0.1768482555940357,10.286056903131971,0.30355207099086207,0.230730286538803,0.06889489994488109,0.2943822603728609,0.10244048215259288,2.5764815008076076,2.37374246972524,1.4600580170050894,1.632185506154835,0.8910916402161391,0.46292727729997984,0.3808747546981799,0.4876973172571788,0.8121353046119646,1.246172140212039,0.245591264479806,1.461357199115069,0.960855405832902,1.0617152946992814,0.8288738869040716,0.0203320276450151,0.1760228427943746
16,0.17698752160144415,9.494034540136337,0.3264525635294849,0.32894892087053085,0.03167875828509154,0.28452392229487156,0.028395835020021302,0.9583168989517867,2.178957432920753,2.8481245382677334,0.20335678246284009,1.9899763622289668,1.5241306922160331,0.133127360030825,0.5945971578670683,1.721636485754738,2.2005242894417365,0.386646697903405,1.6256996219738447,0.9707720669228241,1.1769335312545346,0.8711911836652708,0.16780647641384303,0.015342313755362305
16,0.17723886713312467,5.931308742026818,0.14447073070529118,0.5429482624755376,0.12529969620011605,0.11890916107488121,0.068372149544174,3.2849648798853295,2.191065196795381,1.0557430946607749,2.4796672193205036,1.1615001118840913,0.2550740025203235,0.39387075760866763,2.368215971737768,2.078411738559705,2.352032619249838,0.3724516178284251,1.6145630044538548,0.9631731131387206,0.9039347099248974,1.0501596590036975,0.019203153372162857,0.14835251499052396
17,0.14894687638553744,10.874479411005913,0.1204962240586514,0.3296596671003118,0.20291101006803008,0.2660991357889108,0.08083396298409587,1.1871851432853617,2.3218373230687663,0.20243768349491353,2.008549028443809,1.0067674143814336,2.172270034699939,0.35706687262071524,1.4471508941749065,0.6021924861412656,1.11015196129676,0.3826279268680928,1.5268039318836284,0.804415930598398,1.1145254291554276,0.9590542530697458,0.02173577964356081,0.12584401184655497
17,0.1595964994059115,10.46279840771423,0.14347690162200752,0.3468157931151802,0.18427949631511922,0.22816565392297092,0.09726215502472217,0.8947147734566716,2.2771672486738987,0.34365950774830895,1.7926692469810197,0.7598602257660289,1.8698996693946381,0.44160910487292654,1.5684770001447976,0.7205816773399766,1.3179902601567641,0.36179286544996636,1.5640802123248971,0.8060755459351633,1.14452728924805,0.9250246520771189,0.01998398189321915,0.13732563775736562
17,0.16691426763572584,10.461651483602001,0.15699650125538317,0.3529050845940657,0.13655838288091782,0.25979772932695966,0.09374230194267365,0.775499114146224,2.301335606141356,0.3118241852433147,1.8588017815483995,0.8306034526491854,2.2064774550499835,0.14759415381675112,1.87917874474208,0.6843143751113869,1.3389631989530073,0.3721848787047721,1.56365997002447,0.8052218317428972,1.0896496041832777,1.0080588461982636,0.02007501830246076,0.1411232296470761
17,0.1736353159808302,9.494725421831008,0.09722061119075653,0.34270919187790794,0.21526033778211076,0.24986280243475226,0.09494705671447266,1.6413297841776768,2.2362635460378466,0.2531082740595889,1.8360227470070087,0.8470789815447453,1.8762230162396993,0.2124387844500072,2.187552610556297,0.8157942882465837,1.3626186776665494,0.38385611905112266,1.5591233268135813,0.8455292177305012,1.0318895768978813,1.0375867031588968,0.018035450403634187,0.1452918896361008
17,0.1815990993643846,11.088429001589972,0.16440246817391727,0.3602954403004522,0.12429710538193156,0.2582665318323377,0.09273845431136107,0.7343800474778099,1.9907470525237447,0.6702956326450396,1.618033036867711,0.9112011530316628,2.074175603779596,0.20789370240232613,2.106711916810826,0.8579660882066271,1.173947377057815,0.35502813403085226,1.5664425138629121,0.8083788426844392,1.0253670952116585,0.9413633249134633,0.01956842895847703,0.1359250646668507
17,0.18555225572047487,11.716617473359525,0.25141363514316667,0.27842316673349404,0.10975296442280154,0.2666584003262174,0.09375183337432033,0.21781140135414126,2.221259994672519,1.1767404123707386,2.1017492652993197,0.9131498432813043,2.126766671596484,0.16150191783174764,1.5315670354222788,0.49421515553777684,1.197542331490566,0.37528315367668325,1.6300330734416935,0.8048355487176264,0.8240012604839944,0.9975129881713303,0.02308064023783345,0.11343883759966451
17,0.18990447276552455,10.822963580162714,0.12804156103312103,0.3357558647980103,0.187955052179722,0.24272240095401984,0.10552512103512679,0.8309308185053346,2.322475369443503,0.21184716159464853,1.9620989168103693,0.9941831128723047,2.2623287749417877,0.4177707817225631,1.5418997904100482,0.564893722926825,1.2576991584812438,0.3826997649430879,1.5873132967280519,0.8044035584339575,1.104189519459044,0.9731605864666634,0.021541157702975308,0.12824614176157254
17,0.19021175792788567,11.98788841992107,0.2590904651721888,0.28639808361955565,0.11429885911623719,0.2354986315476006,0.10471396054441777,0.5244433451858994,2.5542530708640605,0.6251552541864874,1.8864289486315284,1.044833004993766,1.693765836483057,0.31955536560340003,1.739442533627809,0.48244185354956165,1.1931024428412318,0.327811893737363,1.5611267797912514,0.8014356570027203,1.10554243749893,0.991917509258787,0.022208293207883274,0.1330266722190712
17,0.19205866481616762,10.39287902023439,0.18905013912344357,0.3255275799871017,0.14205076739350717,0.2515291718461827,0.09184234164976483,0.9549695989911275,2.195258824004331,0.8400007060624948,1.519403973701841,0.9843736811914763,1.8262685826836824,0.2035483504162062,1.7957367882171849,0.9395321445915301,1.1851224920334704,0.36490921833100565,1.6898543848242613,0.80794265770863,0.9917006317969606,0.9531964821369897,0.020161075087113726,0.13444931116671804
17,0.1931159832618205,9.892407884600267,0.10201776216028838,0.3159815221605892,0.25393383521439106,0.21886476942654595,0.10920211103818546,1.842030180208415,2.3158299762729753,0.3163831900945625,1.9483845838313414,0.760042399680463,1.8673376465456377,0.2806081987066977,0.9552852810043354,0.7487309488728907,1.242375579000447,0.39027262779081295,1.6360685202261473,0.8533640690505504,0.8876977496679895,1.0191499380928333,0.01825375595468184,0.14058936166315356
18,0.137181184193971,8.963277794454061,0.13204486452798803,0.33249062374092847,0.14851219782438455,0.2162042409389564,0.17074807296774266,2.81340601319425,2.666662641095911,0.23360665012295653,1.6615718379180744,1.6637573596499304,0.41800769501389096,0.16390659422154974,1.8755385875744917,0.997357114869233,0.5777653279575389,0.3170408964395699,1.5696852230964657,0.8483424701158078,0.8510411036880263,0.9180022140077836,0.117262958523946,0.02663972057749485
18,0.13927562414056532,8.043051894646313,0.06413296687923967,0.39069017486686397,0.09081211823801694,0.3795888525127055,0.07477588750317386,2.996241918560116,2.0766258872321033,1.8315118832967126,0.36312288531083764,1.2814883160544877,1.8618752557772633,0.2706516465606195,2.346008174349164,1.7063755224257247,1.2460566133148074,0.40830021257756877,1.635962830416985,0.8182225713393019,1.0728003535934476,0.9842517559188003,0.09206623491591569,0.025960963747930076
18,0.1554354979788788,8.374540305793554,0.1395061436440409,0.37911457183767866,0.2399242833197712,0.2196207026488981,0.021834298549611067,3.143556977912512,2.206273758174211,0.7234284155017368,0.44000823871462924,1.8176215817886732,0.33635939631941236,0.315024524259748,0.39568387044203535,1.8867810083196148,1.947658694927267,0.31647213273887953,1.3152846723360956,0.8052010295961064,0.9362894599870927,0.8131082180038076,0.040210020902515235,0.08553418466972676
18,0.1582793462761939,8.440922163075388,0.1386129411355139,0.3154221625765076,0.15614323692692716,0.22668144525009695,0.16314021411095436,2.8135297325377153,2.670316017056474,0.2333995157033885,1.6620113904482279,1.6328129340015716,0.417259078064811,0.16410642079182372,2.2160548300599703,0.9893146035268204,0.5786207409476212,0.37136707655133305,1.585767516669617,0.8166289780113694,0.988690846280882,0.9312872515278816,0.1197569938968813,0.025109065974958177
18,0.1647881128519133,8.570561500525736,0.12647044084353665,0.31914594066824864,0.16339837319578454,0.23368036120757912,0.15730488408485102,2.745216299873111,2.6731540114223926,0.2559029158806502,1.665297275013978,1.6041741551074675,0.3849110479396747,0.17141791788464858,2.182578414086821,0.9921686583996677,0.5744999870187307,0.37166924970949966,1.5558583288309813,0.8059646635108162,0.8307459678349838,0.9346078402519791,0.11643270633599112,0.024296678796303116
18,0.16802410500454187,8.954631489691389,0.142060975292655,0.3677219726665111,0.15288985976788622,0.18345108541644092,0.1538761068565067,2.7098817943483477,2.658455823444947,0.4656519327056998,0.9608325168312615,1.683804325581209,0.5592753091855305,0.1572298927246641,2.2320476165615677,1.5446657865152404,0.6439176963776526,0.35882975933985034,1.6168426469964083,0.8362186508157969,0.911938533892183,0.953813971689454,0.12024703653235128,0.023176865569653832
18,0.1733119540880174,8.402466176511448,0.14381704820637728,0.36403376459703046,0.20182578893195785,0.26773093583922924,0.02259246242540503,2.9437536187036923,2.493380160749226,0.7308715092748538,0.2990003381860243,1.787728699543377,0.3601616361811698,0.34958834741754596,0.9888689154111203,1.8190367672001764,2.3005147431910746,0.3222761873373938,1.3387574757686886,0.8345217898343162,0.9393782821397484,0.8101460141365828,0.039453492922959174,0.08494594975327403
18,0.17990330392609774,8.365089917644722,0.13705955163023018,0.30421232120243585,0.1529500960121361,0.24238768358898743,0.16339034756621032,2.7825946925108713,2.6737957608668683,0.260282820157007,1.6555666867875043,1.690303056582499,0.47733243918178503,0.174207182745045,2.3023401485418904,0.9872142992898126,0.6626545679593336,0.36725297441062354,1.551310989798497,0.8312759944465419,0.8630689120383607,0.9250438226593908,0.11923750228603515,0.023866103909709217
18,0.18243421374076313,8.365089917644722,0.12245795650899595,0.3039282261742705,0.16821473044865162,0.24216132478956745,0.16323776207851445,2.7825946925108713,2.6805730863933577,0.260282820157007,1.6555666867875043,1.690303056582499,0.47733243918178503,0.174207182745045,2.3441270567053114,0.9872142992898126,0.6626545679593336,0.36725297441062354,1.551310989798497,0.8399561698124602,0.9575461717330928,0.938859437396165,0.11769215679144221,0.024491604186666866
18,0.1855298451595304,8.138662966440757,0.07305068221024708,0.4243249397974058,0.11008310222813403,0.30872307719905245,0.0838181985651606,2.9230726448634305,2.2077137406383764,1.197823240427542,0.47528975496353953,1.3554938400131666,0.7316511723705552,0.15779893946187265,2.442027885971227,1.7311776851464094,1.2552343210976953,0.3918359472400956,1.6350265999131768,0.8286218173290331,0.9060258253856166,1.0571521503990828,0.08966191409101998,0.02902457115882633
19,0.1668044169233545,6.649845776319107,0.15777951509137267,0.5263516826464324,0.0952130455249429,0.20279550797174956,0.01786024876550233,2.013359143996776,2.079374661242399,1.5571762930190503,0.945132118639298,2.5568097834004595,1.3675907782373034,0.162452226455654,0.4124846984403078,2.097224563706277,2.066335089072193,0.3493608717271822,1.4291847955438466,1.089520250461164,0.9575358052665802,0.9316005432087905,0.01763041502432218,0.18944163380306436
19,0.16844412113711013,10.96549371058939,0.44592223117793617,0.27476705968272674,0.07855015141431977,0.03242057984097633,0.16833997788404104,2.500067057187765,2.061442494972317,0.4501144192835268,2.3224770297799977,1.7729331686656244,0.328850650586557,0.45409182496801187,1.548720644276184,1.9173913547996706,0.41058471542459557,0.21491159062952378,1.2241056733346412,0.9340492084723524,1.0515761784279383,0.8451600009239724,0.18789761849117798,0.02383645611975068
19,0.17695366729084117,6.499083378564199,0.09209977434895046,0.49103961737298946,0.14759025230969022,0.16113652460643701,0.10813383136193294,3.00127170538234,2.516015008105624,1.915160452498691,2.807584760389334,0.6499326386081803,0.6711337390575707,0.11671422641117192,0.43699950048617897,0.30527134158831915,1.3727500162953303,0.36843389914557856,1.652313007647915,0.8882492773656698,0.8932885110187146,0.8791210202866963,0.020288020646460164,0.1298486158900862
19,0.19622796887627172,10.974035476533935,0.45170694037538833,0.2824193953160297,0.08087041309377523,0.03905426875585344,0.14594898245895324,2.4843974036287597,2.1329835134890183,0.961928184378198,2.342450267612981,1.824320001566846,0.31777691278274656,0.6014871210486884,1.0569855939250434,1.945831872912279,0.5200880247875955,0.20587616659034003,1.2455196088925289,0.833803083562473,1.0772117744065903,0.8453792143675714,0.18368646304820477,0.02299653224846085
20,0.14725947464175923,7.900911563996743,0.2398707996486168,0.5850530386474844,0.02536526185224339,0.050666543604879884,0.09904435624677546,3.1378106582432155,1.6392941463218584,2.9030504599160385,2.7111226074718764,2.1993663655354516,0.20991466453295504,0.4227993072973449,1.3904062579157763,1.2865418626201983,0.20313484562136103,0.23627117383294258,1.4413991542043612,0.8710115869521807,0.959237644592344,0.8725361956859468,0.0949968814679014,0.035021545396284735
20,0.15768862144985493,7.9910600389702084,0.23404636594151357,0.5593466253246875,0.025275120599581216,0.0803518566864932,0.10098003144772455,3.0758165705257787,1.6129361019860486,3.2264382338810265,2.552154842519388,2.154530293231524,0.21131572196537207,0.4624773342275739,1.5201435243122612,1.0300082635779462,0.27716098929978705,0.2346065180590864,1.4476598172927109,0.8429709497062674,0.9623105127544914,0.8726658621742581,0.09076901449692575,0.04108827410347052
20,0.16430815700879467,7.304371735310584,0.09997511076663239,0.5031703839820652,0.10062209826915824,0.28236848821657146,0.013863918765572907,3.319925151351926,2.1888459670550797,1.343215110098492,0.45966659654134745,2.4539426858502926,0.26977389904040006,0.3596606550442743,2.473879380948227,1.8197518354719,1.2896317299622013,0.3377011799546896,1.313006732347961,0.8390048032718708,0.9257377986743492,1.1302719146877476,0.03241461858267675,0.10808026379801541
20,0.16771805225837388,7.284456561044807,0.23924917497093912,0.5753580519892375,0.024287834870017056,0.07250200394095285,0.08860293422885361,3.1208078837856377,1.6064133241564644,2.6635545003848673,2.7517945276297566,2.133140456834246,0.2513573117978469,0.39553885973406366,0.593903394579574,1.0628556298583594,0.3272627770402407,0.23565057757728627,1.447785366776826,0.8487949121120087,0.9565747808023911,0.8843402470119983,0.08594270937570281,0.04020788208395461
20,0.16873973196104405,8.361081099118477,0.07443857877490663,0.43263663103569067,0.15831962871052943,0.31882557602733347,0.015779585451539884,3.1947749711116287,2.0014722586916385,0.4727245245726315,0.23519297699651495,2.5288163642167167,0.6715862356542681,0.33620584288528543,1.5218458332956948,1.8588615823698245,1.404864528449104,0.34563970629251217,1.3547924576467283,0.8651747164548551,1.0468627069881526,0.9989835835928182,0.029633445027574333,0.108747426486122
20,0.17089025223209048,7.843005639216875,0.21999544125202875,0.5569298339067604,0.033261452277351326,0.11323726373742264,0.07657600882643681,3.095399255859052,1.626246973483396,3.2036224489327236,2.530134996061041,2.1700911110917245,0.13914153848207186,0.3973952882334438,1.8808115820639109,0.6964039630616105,0.44550312441881257,0.2325833302270916,1.4376475327392115,0.8178662928088457,0.9735523235967125,0.9145764907721979,0.09216723087535181,0.035348147899347496
20,0.18008531980985248,10.192069027553389,0.08053746252965176,0.27930013483860805,0.08829085881915825,0.5152096104602251,0.036661933352356964,3.1862675126428686,2.1892518400789713,0.21106267947847782,0.37233051544212237,1.759682766982808,0.5829035502366026,0.15212227323744545,2.0424121015728556,1.3278907224106047,1.7040306087384378,0.3420745079624315,1.2662376595924922,0.9184212521476425,1.1895806271229665,1.0108683245596632,0.03441091073742312,0.10026056520376012
20,0.1800951264755511,7.442973507295145,0.22539139876170317,0.5608692736834394,0.024525245836417183,0.08595378410960389,0.10326029760883634,3.1125784846008338,1.623503700824336,3.0441490133832274,2.4533982351916976,2.0793829074262375,0.22165135341788356,0.4769131118391625,1.4989793696404838,1.0751445563513433,0.2214477496424472,0.2344753423500801,1.4527856954849532,0.8272994806012786,0.9657961990599789,0.8685901232375415,0.0897573450448378,0.041063609551978575
20,0.18195467027414808,8.284490663517024,0.08842843556730587,0.4230462515986094,0.11238378041850686,0.36364271053172076,0.012498821883857014,3.292779238598383,2.0583700460369934,0.8742600172913408,0.22991372809334398,3.142125530137627,0.5943260820622485,0.2407684214171075,2.433489821254515,1.8084890956142632,1.8864605024382957,0.3439486330431503,1.3657723885606994,0.8049369999478951,1.070526521140103,1.1341548121446086,0.030701251596275084,0.10576529015489712
20,0.18367951205407146,7.463568888444288,0.24213262412252967,0.5290953487304054,0.03272208532247583,0.0974123824947225,0.09863755932986668,3.068051568640383,1.649681509242204,2.4363848661889,2.632819205412318,2.0994865683190764,0.19262156862905244,0.42966895669705163,0.6001136955552016,0.8509277659936386,0.11964155943218475,0.2354544388257054,1.4415154517072521,0.9000939470321775,0.9605588575393192,0.8335271108499949,0.08993761500208253,0.04000181393573882
21,0.14557261054937834,9.394684189417179,0.16536993298729882,0.33546027056245453,0.11440496426862948,0.31916051885963914,0.06560431332197807,3.1863105172568185,2.0489903008762234,0.6289480319844173,1.311702108401011,1.1861432702249195,0.11782636564383628,0.3245346226585398,1.457124822005915,1.1866742277804796,1.2114580098475396,0.29000977979247217,1.4478032300287043,0.9238044630938673,1.031447977004159,0.8285502156865617,0.14981574835353867,0.020779906072846157
21,0.15417031697529965,11.629171099027547,0.13663148987635448,0.35327345386319176,0.048847213923736824,0.26057615800813233,0.2006716843285846,3.100388284037357,1.0321874445030736,0.8837057369977119,0.9479565307213389,1.3830152872944597,0.2546293450109646,0.54724482260753,1.5976683467726125,1.3200461582701986,0.7554438187605584,0.32786956718805604,1.4652610157640695,0.9078319447518859,0.885395856380795,0.9068598609010915,0.13059392745167572,0.025041826544689835
21,0.16394432196738556,9.877638378415671,0.12495223741293968,0.36371964590977285,0.050624186617505874,0.2816997420263007,0.17900418803348112,3.221151952935928,1.6796178473431,0.40955939097918714,0.7217594127845027,0.9509881363620855,0.34681310936391435,0.6186038895183199,1.889788162174909,1.5574375713885225,1.0319862858124595,0.3348499489198521,1.494958400425978,0.9826278434162663,1.1785583552797234,0.8234395182455465,0.1525548821653206,0.021808981010028608
21,0.1643959824182226,10.178621203815862,0.12798585365205664,0.3517400482768075,0.05545701070457489,0.22027845607818314,0.24453863128837774,3.12244364429305,1.7905081339830227,0.5255415789768327,0.6592026900712749,1.1845316199032083,0.38914715967316293,0.6316944331597659,2.212674351136671,1.5388578367450656,0.7577455076935256,0.3042653660796143,1.424558904061696,0.9875083280095812,1.1018957438513148,0.8513218342353803,0.14213890715287725,0.02465127127915829
21,0.16852394422708653,8.485888032760156,0.15446561485746396,0.33597241993721394,0.12016144251651963,0.3124367451143517,0.0769637775744507,3.073999141909548,2.098756040515247,0.6082304542630582,1.2944490293035273,1.4276162552789682,0.36864885920478263,0.39804231829985137,1.5775787091250444,1.1825544723926193,1.1948184581700905,0.29992984472159895,1.5206847114209145,0.8611134217126741,0.9432440770290599,0.9840002929643046,0.15174344465822384,0.021239515243587023
21,0.16861815168904934,10.373452540351938,0.12172725198175685,0.3703985022846509,0.06444501170247983,0.2682355194461838,0.17519371458492874,3.2508539059587767,1.8033570256840226,0.6173979058239853,0.5526960366337346,1.0516052340148923,0.31306360969426467,0.5699866704759154,1.798410912159882,1.511309523526634,0.9192296190603916,0.3246153165729133,1.4444336880509452,0.9676495916448926,1.1627054349754495,0.8183744921621282,0.13962813784172542,0.023930264561821152
21,0.17192999966680797,10.287062990567694,0.12342426284226217,0.33349294632230264,0.03983467680661881,0.2642105696279013,0.2390375444009152,3.253296197061675,2.0334260131348776,0.620705915614234,0.6388235699190263,1.0013506199389952,0.21941982978214347,0.34418640559345304,1.7438641141178044,1.5207443676157393,0.7045411629752119,0.2698025096163752,1.4952891318859607,1.0121805085999196,1.1304917016809495,0.8874195956450777,0.13073010885805594,0.02627458089807902
21,0.17759032836071556,9.986850247261744,0.11707266591118107,0.36020672986261737,0.050000423794065545,0.28151670170531706,0.19120347872681906,2.9836121086897207,1.8716061306886131,0.6561556142545313,0.7119811659411964,0.9036948544432489,0.47068295444944697,0.5462150571551837,2.2343018826053753,1.5832342256484426,0.9747248322035125,0.31772079096961003,1.4171895323688029,0.9565034368599711,1.0872137504873989,0.9828639790496384,0.13752965076526008,0.02389320842682164
21,0.17861416935743288,10.485150656016586,0.12528003954626996,0.3432693429856321,0.04430197026820123,0.2692560425215085,0.21789260467838828,3.1398962047405217,1.8974707427691113,0.79286914185232,0.5653046954606232,0.8730385828274523,0.28301427922413114,0.5027657038713929,2.2210484410377616,1.600947427615875,0.9577824620938218,0.31772842417501135,1.4415263846016126,1.0187426612603105,1.1251436663890548,0.8875158692542157,0.1454740332554637,0.023351924442407943
21,0.18456953392288453,9.96666045224426,0.159987141316422,0.3302046157964823,0.11672727218798297,0.31615149065536197,0.07692948004375083,3.1734325738277134,1.961258353459488,0.42946591375947774,1.317308242920424,1.664299113494849,0.15524732771020303,0.32732755687874326,1.4477195136779233,1.0906610247604986,1.2214280248239797,0.3193758768155255,1.2339414282657168,0.8777034720482352,0.9053457394825811,0.9456993200825253,0.14963804434943548,0.02358074725088998
22,0.14658672651666613,11.136801678858157,0.21524210284033768,0.3161121826921813,0.05226518078259773,0.24322217970027626,0.173158353984607,2.7775504540323306,1.0865942320987836,1.0438613278278726,2.0754310179125666,1.9595795855180351,0.4249405254533192,1.0585646240225728,1.9517041641526376,0.4290793310106578,0.27861325081608146,0.29307538524024335,1.595321611253497,0.9126971597352317,1.0908806976032044,0.9134631401405521,0.09090869114884934,0.0356646884270253
22,0.15155713013286765,11.757344448260254,0.0697052626903419,0.37366370519927705,0.07595470362059206,0.15038628207949212,0.3302900464102968,2.4758612000335005,2.5390042178088112,0.5851776364294986,0.8254884929781833,1.0276969978028445,1.068601919930369,0.142917639209994,0.9631316114140962,1.6638057505355803,0.554413178320805,0.3597435063462123,1.3854936262521402,1.0701366236213357,1.008531620096395,0.9536882904003456,0.07964845226654435,0.03535551443265487
22,0.153908470532439,11.268733525614163,0.20597829876670282,0.32917213128942485,0.04646018606409257,0.29959321971983527,0.11879616415994436,2.7797324010097886,0.8252736999889142,1.927682931139178,2.0081324731489985,2.0563449277951706,0.4116643204911956,1.0311047911418982,2.003860259371553,0.4713233949492794,0.3029483304167202,0.28430613858959936,1.6419932834808981,0.8294445148310519,1.0766194989329452,0.9168624621278104,0.09371443295691478,0.03646127837931238
22,0.15408674623429508,9.840027529365859,0.11490717784682207,0.2773494516037756,0.16958254531450634,0.1316736210036832,0.3064872042312128,1.9985402664602823,2.401819339624221,0.31438765257395074,2.413433906705482,1.0651544944361022,1.7981451765255958,0.10461382343005204,1.231805389894679,0.5492625613726584,0.7075825656070067,0.3440691675977343,1.5800354947468136,0.881491979778805,1.1585478233887219,0.9066474065079236,0.14802244410957627,0.020603879313016504
22,0.1674384311459219,11.793696702081675,0.10896584471559713,0.3507392874443238,0.18064289265292466,0.029218527068206875,0.3304334481189475,2.1384142948246083,1.8686900337524779,0.3913076171706946,3.177810565802432,1.3558871705053563,1.4801291327012212,0.14438690220867417,0.9442379640310953,0.5726943440581092,0.5514409708297963,0.3042222127233289,1.6958803064287618,0.8946009853643053,1.1980528995157103,0.8555656024451693,0.13935420969586546,0.019046326819888038
22,0.17031206044601171,10.70160806703339,0.11180069504649248,0.3134605680351897,0.17261721011750442,0.04820162149033095,0.35391990531048234,2.0597511451045594,1.9828407162032018,0.378642257794413,2.64097096210858,1.0258689855078416,1.2186733280964772,0.4151857610096813,0.8935308500889548,0.9384868244159333,0.6022604238152354,0.31661807561398536,1.6315723886452933,0.8730074023930571,1.1878816472862392,0.8517545853888236,0.13901943355391858,0.02104052716428533
22,0.17196862529904405,11.598678151850946,0.12340319296988939,0.3616257903353869,0.08461155823233957,0.06897408205128601,0.3613853764110982,2.654720804025177,2.541497723992994,0.8016568208978139,1.6690771117845469,1.3298928169006927,0.32664929066250814,0.42392723370429464,0.8986169709815183,1.4334563646901737,0.3709185562930646,0.28127820482383986,1.3785029501577217,0.8718175278619147,1.1172088413166918,0.8240844661454461,0.09699700527706637,0.03052817126073514
22,0.1724026600634963,11.163927348786363,0.11716418725477476,0.3467529016138523,0.10788439002063133,0.09038537881842196,0.3378131422923197,2.6135647158772626,2.5456314483806026,0.5579758253821668,1.450745454983994,1.1597741300160367,0.5764044455045584,0.34779435658832925,0.744931154401243,1.5831320816677432,0.39478961952789354,0.2884609148082557,1.4316001460571086,0.8834151239020848,1.120361994182657,0.8499675990414,0.09772118041080358,0.030129106367094982
22,0.17502624158316427,11.642082537210136,0.06625120753886095,0.3792861622738169,0.08177231676800838,0.15946689180502693,0.31322342161428685,2.389978498988535,2.495770750546492,0.6342617359286995,0.6108106277705111,1.1843089277896515,1.1832374990260006,0.2297718346957156,0.8630788891114136,1.5884239306806192,0.6096080157393728,0.3754371525284238,1.406744292492057,1.0898209713339622,0.9977222295266197,0.9620968804905502,0.08304467711900279,0.034318611624934464
22,0.1785799230628784,10.954529904415784,0.10840796849204071,0.3048243687540841,0.16987137209765443,0.05837565335833485,0.358520637297886,1.9541547658553895,2.2609534025035583,0.8823844340377798,2.4848958287528022,1.0755198869663414,1.3137189594357084,0.22393770625953047,0.7038717249264939,0.9993781409367954,0.6095927636948895,0.3454323877761806,1.574475809399038,0.8826894372581852,1.1767985030325634,0.9783810814540579,0.12028401081150021,0.023339822160135745
23,0.12316231503266697,8.35788399589357,0.1564407795181752,0.3133373632966685,0.1923690747430001,0.0895433182301606,0.24830946421199568,3.114667962971666,2.3769030103486077,0.45618338880424597,2.3161181642377864,0.7735170973566495,0.14072884124853047,0.3460898482994079,0.8506386174888809,1.055445443348682,1.166687979711627,0.3296140804148498,1.56088320082153,0.9866716937183592,1.1765633078927922,0.8853835209232808,0.056544823930628554,0.04927656388953581
23,0.15942709730935498,8.77363321709499,0.15920283991841086,0.2961818436403957,0.26732983696829943,0.1399409309869983,0.13734454848589578,2.969833981248484,1.7558537041995381,0.3459920967570868,1.6459584835046712,1.0814151445372437,0.5707730525679551,0.7425097379054534,1.3391525332598788,1.3449055561217833,1.1920862261399396,0.3492473737073538,1.5502310386703009,0.8051676753325424,1.0877900800637896,1.1383301131778303,0.09205150822203738,0.03087891473219323
23,0.1739516785075703,8.16459012460279,0.15080574901097452,0.28788369122556196,0.26723220430041167,0.09652203404891432,0.19755632141413754,2.9595326883319877,2.405739508793914,0.27792777370430133,2.0555254889531778,0.9121045718104849,0.442257529942275,0.14086663163049928,1.3522094500143587,1.2165328838921026,1.2748116804765381,0.34849111550199774,1.4974676801630382,0.851375167680718,1.1376366942148035,0.8017961333901228,0.07469154530316773,0.040148439908425856
23,0.17814158303601918,8.46580854214471,0.15108806495881566,0.2856182281309137,0.2718406166141314,0.09733023680452496,0.1941228534916142,2.9491450872202214,2.449785906163204,0.2772259644756745,2.04531149335311,0.9080857547619129,0.4493386680895534,0.38622457966060897,1.3569014126851129,1.2213774805216733,1.2747217162574065,0.34753718848841886,1.4616572989245404,0.8478965212933025,1.1348979721553336,0.9806953561149017,0.07568628569238121,0.039551189140251214
23,0.18137827770357642,8.008090242209992,0.10007832787057766,0.3271868393327389,0.3029287068606715,0.09565789049341171,0.17414823544260025,3.236187288629894,2.402098520577847,0.43865566343852636,1.7174725934883985,0.8331625077204609,0.30614319951680996,0.10175799813104724,1.0658213811878414,1.4698595841124962,1.3857854583635083,0.36523732414426024,1.3803611410640109,0.8358982979802969,1.0654538182321514,0.810194963919215,0.10263968223390055,0.030515242289007954
23,0.1878224790292654,8.478839927732665,0.1542543671115248,0.2804544711105753,0.264153068200215,0.10186207951946948,0.19927601405821535,2.9483571079514035,2.4145487046898353,0.21886607746630551,2.0549914849055724,0.9036219926267699,0.4343335356793979,0.3871274848320729,1.343464220719859,1.3360146614853305,1.0338093325401014,0.34668823737344706,1.5014178519305748,0.8740186481544816,1.0553786398027578,1.1642543353396353,0.07661199000121922,0.03911156018464315
23,0.19135397515806382,8.892868680634866,0.16084441028897634,0.26008110650915667,0.3083331614653584,0.12086869067863365,0.14987263105787507,3.1108625420244556,2.592524266909279,0.32097461862322474,1.9989606838018898,0.8283106163585348,0.3787113517153953,0.14775649921017414,1.0641577114105534,1.2110573363414445,1.1279166285745714,0.3454284926829176,1.6848469613571322,0.836269845961776,1.049862135166387,1.1014151596014328,0.08916075020343774,0.030362340102361267
23,0.1923964776461383,8.173593934872367,0.100104967559814,0.3397060988266447,0.29358810194778384,0.09619733416439928,0.17040349750135816,3.23030152576796,2.4067379966750164,0.4075500629737521,1.7171913534020242,0.828695048507366,0.30196992622250773,0.23145443757862683,1.0612155939224133,1.5327861960008458,1.2588584782142214,0.3503491815240671,1.3824415497314675,0.8478237776331432,1.1898882276053204,0.9834712990162102,0.10365110908577368,0.02996915627264899
23,0.1963649276260694,7.105882333851238,0.2743570801258701,0.37244811388836213,0.10846372626967962,0.20570183423326566,0.03902924548282252,1.0997679323199108,1.8685465150938203,1.7747100497390074,0.6999385904567001,0.8633920542242915,1.7950927278883753,0.246749254157057,0.4722724174644161,1.94235751477893,1.7766617988948012,0.29305957503749125,1.6620024165781837,0.8047061889677142,0.9723194020943865,0.8447351580820556,0.08663781852879279,0.0378999967822573
24,0.15741024965722633,7.124300305204483,0.3992230007905482,0.37940972229964604,0.05932488943854353,0.09265466843237036,0.06938771903889215,2.72897092495021,1.8353132786215247,1.494118808982611,1.8061895517856221,1.8383504732207943,0.43487524862067223,0.2554349137137956,1.873025806612833,2.366818007796138,0.6281377349883116,0.2649025101670102,1.5394696128368184,0.9283281718759061,1.1083754720530232,0.9636701678574471,0.14903879584672916,0.023491886189853827
24,0.18118420870890548,6.987106453667348,0.26645015605011124,0.5797210740115433,0.0375731013890141,0.09593756570041782,0.020318102848913513,0.728590537107717,2.583593604103527,1.9770276459238696,2.1589438513574,1.9574227854625672,1.3334541079260656,0.3150971256818892,0.8291672717613523,1.9172911213576658,1.8636977943248305,0.3780676305533509,1.4254831877851355,1.1126376856533569,0.8849441521966941,0.9836320018538571,0.03940936308189932,0.07022992895422679
24,0.18191544737567136,9.891803057213673,0.20933508153254446,0.2794221224025874,0.06772190748168691,0.2811341685570729,0.16238672002610838,2.477553525539611,2.4534087593079437,1.4551166975554388,0.9309153919069457,1.1584543597756327,0.7437572661476223,0.20973330023180942,1.447232412844564,1.4188362795591702,0.7344809527815259,0.2750024550300445,1.658007261938301,0.8254768646379186,0.8496012058686832,0.9337562449587982,0.03383899545557971,0.0804249977122018
24,0.18519120863839608,11.35479734415091,0.24070167105356988,0.2567389430653032,0.06770552836185649,0.2492718391769257,0.1855820183423447,2.598042456298555,1.8590947684212815,0.4762786812250581,0.45331816240175277,1.2122150318064078,0.5697085701438631,0.5448468720509961,1.8648065539709824,1.8666468260062408,0.594111725856371,0.25479818945999183,1.6260493853437292,0.8631221514845178,0.891019252420392,0.9173679367127315,0.04151735722652184,0.07277959964316835
24,0.18550248494623778,6.397716232887971,0.09974765192176069,0.7559670379124274,0.03066181638096125,0.09318530366982099,0.020438190115029536,1.6369787038220198,2.211889004920042,2.89419351941863,1.8797875544905345,2.1199452530383254,1.6894518518907842,0.32695433815978925,2.0063333108064945,2.3332435832921794,1.0650830928528854,0.3774150306705289,1.1222823315024466,1.154366820262803,0.8394869722748188,0.9610147593674967,0.0361292717849801,0.09789034891558518
24,0.18611647422648855,9.699446395826396,0.2951813387389172,0.2775857147898729,0.10373395865847147,0.14591704670840663,0.17758194110433168,2.526870667429667,2.3318320190218382,0.5903616972011999,0.7099883365448616,1.4555016622175572,0.5912642090094818,0.37490166118273893,1.651487986513061,1.7253866457117042,0.5285983004463217,0.25729794651434135,1.6491561527831824,0.9238627043647161,0.8325724954555912,0.869447890609819,0.04268417612888368,0.07268461020073637
24,0.19042884174314528,9.56629800654659,0.28124797195486084,0.3093675299986418,0.07887851133329549,0.21141601259634749,0.11908997411685435,2.4554256807881614,2.4084944815105986,0.2023567986634348,1.1516155882052774,1.9837108248437616,0.542949061640964,0.2696521539075545,2.467792998004282,1.284997739661422,0.41684445448455615,0.24474239682388105,1.6194411746414177,0.9474668861441174,0.8432116081168908,0.8193953810953787,0.0442519439542434,0.07030825269632797
24,0.1915154395400896,7.605228983794018,0.32682530996547227,0.5020612006578824,0.05034530266147384,0.0903073957278871,0.03046079098728446,0.8533733903505224,2.787637121539973,1.8518309387470007,1.860113726179701,1.6697923544714603,0.9534283746299879,0.2769780665338539,1.6836338898417387,2.323214086949504,1.5864316754286014,0.42190655360129214,1.5183672311263798,1.1367703370711804,0.822387117221557,0.8236344856885968,0.04022944510630982,0.06461370354272031
24,0.19500228821950946,6.599135087623901,0.2742855179974061,0.5684390689809323,0.04955102260383343,0.06953655082944514,0.03818783958838304,1.5628748128904353,1.8784848243361094,2.156418962088327,2.8071569191506254,2.4152850600699387,1.71388306927834,0.3932819060041397,2.2811533394975045,2.2795950375123004,1.2748042489401668,0.33768609581283754,1.392373925509857,1.1567142673415565,0.9057223865719056,0.9708782474493113,0.04305824653553198,0.07702559544162382
24,0.19697978850157252,7.293444620830106,0.3604752131716298,0.4005038623524564,0.06789154523825607,0.1076918764265411,0.06343750281111676,2.677319296783726,1.9527141343431524,1.2877332536474442,2.0108344772875864,2.0221895307864357,0.46350711735873745,0.5457394139491101,1.8817697884109281,2.451005938961021,0.5579087346890941,0.255756629306475,1.4342968859587164,0.9021113063684323,1.0743682759079067,0.9506804843401483,0.14970805271957777,0.024719845069826853
25,0.13532191216618333,10.40027351953244,0.3672010873126514,0.3495166412828097,0.22110381574506982,0.053175065569435534,0.009003390090033463,0.3457836623777208,2.299923105320721,0.6337166220778319,2.480386205320518,3.40705408069389,1.8923098942509333,0.24278552141954496,0.9869880217247771,1.3401022394453537,2.062692097090975,0.3319135338408612,1.4729983672766414,0.8482602901172223,1.0148286947318548,0.8437879343389532,0.16017022674742337,0.01746946439309536
25,0.1611595063177019,9.99535968931868,0.3338758114710925,0.30819380087101855,0.23402925349968917,0.11829389882107054,0.00560723533712911,2.5874744268978196,1.5825775604099994,0.39695296531559515,1.036987141174099,4.393326264055002,0.4995901526540192,0.23570753655252566,0.36816337269619326,2.0798201880108955,1.587931847499702,0.24728764415051502,1.3908300688990303,0.8248215922685466,0.9821076791152797,0.8854950260111247,0.10592180283870223,0.035169309431736344
25,0.1617804466651505,11.286712804375748,0.3892666353441916,0.3459844499507026,0.2159515787348685,0.02664251632467608,0.022154819645561135,0.4105838531630241,2.261297342373094,0.3920718953460648,2.6914665343834825,0.8629531457914634,1.5710571588010438,0.3064474170058331,0.5345893816696432,1.454406538141814,1.9634089258895289,0.33848602326220556,1.4828886021973098,0.8708622161233637,1.1449543225819816,0.8428033603701232,0.14739244016229297,0.019686084909056014
25,0.16562982932158254,9.127493725879237,0.3370345982372294,0.31261487551008404,0.24388861589028454,0.09898996877994509,0.0074719415824572024,2.7917247335548376,1.2997527966418532,0.21006461716131736,1.1240752201761275,4.555655303207518,0.19072910014715194,0.42515607322076343,0.43543809420144236,2.3588207329469806,1.5920234289212716,0.25310847165226374,1.4183928099207346,0.8138052603506976,0.9971456814011627,0.8137492210063539,0.10516378294511342,0.040905981866799175
25,0.1724498527392072,9.621784348444294,0.28030402467913135,0.3342685228857372,0.2785394974461776,0.10200095991544803,0.004886995073505847,2.850913948728067,0.9690084840830171,0.4631275450463739,1.3014271621062077,4.6607782740106805,0.36380410380309947,0.38041222435690847,0.38895031708336036,2.1312996267418485,1.56574597470242,0.2847098664313394,1.6868042597222297,0.8088093251502139,1.0975502096542655,0.8979158784906889,0.09604092237698943,0.03450414587986729
25,0.17678687655069697,9.802333163945391,0.29389018470892647,0.3105783381943269,0.2450452653143982,0.1452431945079235,0.005243017274424897,2.6080837642887547,1.538129343314161,0.6349589683504729,0.930053319710419,4.447128567888665,0.5737743162588941,0.18388224664452169,0.29943091592650495,2.027979591354789,1.633663724654245,0.23808009721885726,1.4584119738037935,0.821587409419086,1.0734059765569068,0.8874901394216123,0.10301583218010374,0.03329299611332408
25,0.17764370340799443,9.744521553029626,0.2954981124161598,0.32331558484158773,0.2876639493041935,0.08860445130073112,0.004917902137327837,2.8565062675732777,0.9688127220685134,0.3121922921676408,1.3670973197713405,4.626062315905191,0.3170692586201906,0.41723896480008077,0.533249232744548,2.1619012254617176,1.5366671045504279,0.2794992611701831,1.6427269603294454,0.8108774565654601,1.0117910098403786,0.8967575098214806,0.0977132015477086,0.035679809484891835
25,0.17894271170769174,9.592826751708897,0.3946609657390211,0.3269577985548003,0.029183819718805067,0.06831845555403755,0.1808789604333358,2.1542806621774186,2.02386683546348,2.097718937117979,2.1156805697492476,1.7702195843985433,0.769458093870342,0.1764208237271575,0.6506206305186703,1.395508766945896,0.33693449590341784,0.2564142306456313,1.139490735521309,0.9460968769065017,0.9154044785528311,0.8454526930579628,0.024890896447375077,0.18439922401835207
25,0.18265162167693205,10.265438638447872,0.3836991068989861,0.3890839014876151,0.1704219107270246,0.031325402271414886,0.025469678614959152,0.27393471201838376,2.0564944684111737,0.49082073055791675,2.705491843226429,1.4092470829196533,1.9061792783685176,0.3425704689266259,0.644312535921644,1.412745463625996,1.9720621156720435,0.3296718629646743,1.4444243898405034,0.892975818978565,1.0741541381874677,0.843419705444871,0.15626182426962285,0.020419227322273543
25,0.18387281063759384,8.751414953542547,0.32922014984125375,0.30992057756610764,0.2542025552212031,0.10243713697223512,0.004219580399200336,2.8528087135246962,1.7548655692689854,0.2085625786615069,1.2519842041485294,4.659366565577785,0.3707486368135479,0.19237077682905385,0.40642652003330704,2.2185578951058176,1.5534158853763746,0.26885476230203115,1.6377441174744933,0.876658088544934,0.9769089894770839,0.8962348935074456,0.09443510267094228,0.03254205094351956
26,0.16965565325862256,11.171625098813571,0.0789943928306297,0.47909394846114806,0.1732119752110726,0.1106057637025814,0.15809391979456827,2.060507348976304,1.4159266066730258,0.630480818057118,0.7261609620293368,1.527796520655705,1.8025599514563218,0.11970605155680726,0.5597678852531833,1.9871124287053608,0.698834175276397,0.3373090076682817,1.5160023453291465,0.9246240595268282,0.9245506330485364,1.0216258073721658,0.1399597441281348,0.02023806453197163
26,0.1900965566128231,5.031165762625202,0.39099021312307164,0.42041759084681013,0.08725259644843023,0.05251737950601458,0.048822220075673474,0.8736080019429335,2.437644794530727,2.1000753882784906,3.529920305237958,1.7188276971881604,1.7391218811633258,0.17712260916330724,2.4949338357086357,1.5153805025446732,2.128609002844263,0.3609436402703467,1.677450760799131,0.9320076144011854,0.9144940983789475,0.8682201972350294,0.018632034584772264,0.16220383668449154
26,0.19014086165810457,11.238285787318858,0.16788840906095415,0.3525892419097279,0.11239225584915928,0.2378081210033523,0.12932197217680635,1.5158970775049962,1.6514050330287222,1.0609769263124949,0.49613669186292025,1.6952273598544951,1.4034932205186281,0.1200955284664556,0.23524910824323192,1.7811802277248137,0.574107968219786,0.2917715576256597,1.5204615946814284,0.8986106174225561,1.1063537208651208,0.9016928156240084,0.14043786727765606,0.02099526492848452
26,0.19052086519600728,11.821374709021939,0.09300160270197068,0.4045436867320016,0.08340696606734027,0.3062105918967471,0.1128371526019405,2.1405558866336367,1.6688224719238636,1.2697690558901757,0.24523171227524548,1.5646077845660524,1.4395209136663507,0.48421017572878866,0.3803440926875643,1.8123962090910186,0.5093132745234595,0.29193118971224463,1.5364925073697282,0.8325935250756973,1.0945351133999257,0.9612192310004273,0.13958763109383965,0.02120017045429308
27,0.14673259638105593,8.316194734166428,0.15254477699434577,0.4659069038338166,0.07740633146923297,0.2624447190489646,0.04169726865364004,1.5654050226345462,2.3649097321030124,1.8086689162176828,1.3012795971271858,0.9342440351613285,1.3697137687953145,0.12368006993319597,2.3104755589400217,1.1827574318921348,1.7940564641496366,0.3505201150725491,1.4852905851640565,0.8004745364917779,0.9484188524265821,0.8103906827999754,0.058346059011959495,0.04563060023497055
27,0.16437849492233023,7.052021107090105,0.0947695383185942,0.4036194603474322,0.07410415384113783,0.32630485208268617,0.10120199541014961,3.1384429769744058,2.55557414608059,1.82665036292863,0.3487583218558195,1.3933464100418929,0.3610113713675563,0.25147029826075806,2.4296668004059256,1.9625164979706244,1.1063310294776831,0.35869986120878494,1.3552137176080852,0.8338447715238823,0.9857689455884688,1.0260453697183813,0.0903052771591759,0.03857812118879679
27,0.16705664705426435,6.031550179321281,0.1275639751223493,0.3727795091813924,0.09928057047636271,0.29326030137308134,0.10711564384681417,3.0966291368611185,2.6123383586550766,1.3984783929313611,0.4014724675847578,1.2211058499479768,0.36740138004317063,0.2684868749826388,2.2797720077641963,1.8051988600224107,1.2320026469466197,0.37012210375783644,1.6184778018629682,0.8350344378002301,0.9515528603001261,0.8080578520734935,0.09743831345795864,0.029265145306673363
27,0.16724290177756312,7.702963307203635,0.09518103374030615,0.3660454078791169,0.0690355123219564,0.3706834180101092,0.09905462804851135,3.179638225360385,2.5915891888642317,1.7166879309449976,0.36038313040479475,1.4215665926083387,0.3629592209056076,0.24050722230459043,2.4090393891446253,1.7893900152874247,1.0426495643870068,0.3457591445587691,1.4318730806821762,0.8331867292072744,0.9494629965845984,0.8666451526311264,0.08004424399621868,0.04161298127829331
27,0.16838619094811505,6.528905160306439,0.10413016330859728,0.45980779563916385,0.0487382243324671,0.30490092427301463,0.08242289244675707,2.947417950135104,2.5349965118649056,2.2805679295500116,0.4233081922165237,1.3413717121581628,0.33487255205002603,0.2876599499162758,2.193493775586291,2.1314683695499013,1.250510878998582,0.37700238554139587,1.2712558009207804,0.8404627452415806,1.0178627946858199,1.0941803487293356,0.1125596414408974,0.03223376364037247
27,0.16899775099234207,6.79383331846066,0.09327095428263246,0.37955604720475355,0.10736778143849307,0.3448672228683502,0.07493799420577067,3.0704829957749435,2.7038299440635076,2.19265058431795,0.47931629232043194,1.194410858294777,0.304595997731338,0.20592770632023877,0.9833361526812749,1.792580754905933,1.1921138661234372,0.37813151546143997,1.5217634899600814,0.8163068456376462,1.0832070494531911,1.164522634260879,0.1281623504782607,0.023325055352616492
27,0.17553468964449365,6.074954114575684,0.11066562233617652,0.3227010536759982,0.08274303836576606,0.39829255275847386,0.08559773286358534,3.1110135650081387,2.5988830964560647,1.655691776168739,0.40672160295816173,1.2527809048726788,0.32789947892507865,0.2926080504808175,2.281774455124604,1.841728912722301,1.3222969152545347,0.3684940106996575,1.5924635125628495,0.8257579797515177,1.0175298888899227,0.8675202487733022,0.10723435695339593,0.029874689077926432
27,0.17568892474351624,6.889398556211655,0.1735580917161881,0.42330441924616147,0.07834753496957626,0.2584919993125042,0.06629795475557007,2.7793997106991357,2.5669121322351964,2.2094694321016757,0.28571906219760174,1.4175803835898297,0.38684031199603985,0.3002662777995206,2.4132028155396283,2.2794566933159914,1.2853901688711404,0.3687999855528451,1.2582072675837213,0.845431174804222,1.0495797676309666,1.1177710184788394,0.12156184352825512,0.029380035904990276
27,0.18150973737912782,8.456983952680178,0.12032596767020283,0.36078758493454655,0.1017211906037091,0.31798376525243666,0.09918149153910481,3.111722803304145,2.5949720421706286,2.0596063943291036,0.3403854564255917,1.3483961847773094,0.3647110616594832,0.2484282962943682,2.43729912238447,1.934986893503744,1.1619274352595452,0.35494169433180955,1.3739345461645307,0.8289343444937741,1.0207113747859877,1.027547140375871,0.10330453602005324,0.03322389483192731
27,0.18780585785731074,6.06765961773115,0.12174326658386461,0.33912178408949256,0.10350947109536532,0.3387992974039603,0.09682618082731713,3.116380266753649,2.6208934254298617,1.849224850205358,0.38600520601591526,1.2892660528802302,0.3567731610655528,0.2674550799772244,2.2900393299979407,1.8343830518265274,1.2395230841786362,0.3615111674231573,1.5693263582231574,0.8289354100065628,1.0071197535686327,0.8899798686093047,0.10943920684648509,0.029215027977857348
28,0.1400801657665439,8.184470653081254,0.11334444563874443,0.3836856082147991,0.04465758186463396,0.24770427933855607,0.2106080849432665,3.0519264779893995,2.1428954988332585,1.5706431809374932,0.8554444294860004,1.7454714849311002,0.4536088608784813,0.13693152423575755,1.2867302392127344,1.6969493614200768,0.36463997254458874,0.3246581143119588,1.5074507090662066,0.9787041802291117,0.8266832660825705,0.8774258450127373,0.013596386984592236,0.2125014614577842
28,0.14389673967849556,8.18732506966682,0.10456766497208698,0.3731160802148364,0.07162895613310147,0.2544624425875043,0.19622485609247106,3.2137611881201473,2.0125214379917136,1.60648672837307,0.8608984442511525,1.695887596721876,0.3170854975622199,0.35208308441019165,1.2456283010341092,1.6811943818873636,0.22528859301241677,0.31771708499876644,1.5616441169735906,0.9784066344155172,0.9502802533531991,0.931052857334761,0.013462999299049939,0.2228517327581615
28,0.14951456752162753,8.792804636560717,0.10554296178255916,0.40070356170030874,0.07337190448888864,0.22760844722222462,0.19277312480601885,3.0577873196470855,2.1064496550435186,1.3491975067040463,0.8205486517364536,1.7276677241326552,0.660972836928764,0.2622505032726847,1.2481416170945332,1.6872523123778354,0.3405496852844444,0.3525172916418544,1.4447165325634272,0.9535493979306852,0.9964128818715622,1.0118890705396515,0.014323725485583345,0.21979089281927747
28,0.16529429073387225,8.00773048204728,0.10760152397101702,0.3549077217356394,0.05412068615760806,0.2618038504615705,0.2215662176741651,3.107991068040381,2.2739238461746965,1.7095026117003418,0.7521643367763685,1.7158932283407002,0.25868894714129864,0.43773281653753304,1.2837071808294405,1.6911348846409684,0.3388518319760196,0.32899687901821495,1.5109601319688175,0.9783526694694954,0.8265068312969027,0.9936049262906365,0.014105205082995205,0.22242302053209453
28,0.1659960746184881,8.063318025860964,0.10842180262332798,0.36057528347177176,0.06463274943345942,0.2526557760967047,0.2137143883747361,3.0349373518851506,2.563731732993668,1.4961860960610491,0.7247641854484521,1.7064599997273278,0.435732122171097,0.32431929657757225,1.2822278839722638,1.67298084225787,0.3046581015784579,0.3479201362565637,1.4926619067734421,0.9785311041196734,0.8719973939836572,0.9712776411591303,0.013623009276647322,0.2235620456595515
28,0.16765851464231143,8.707534723453696,0.10497287100741419,0.39608113508586484,0.0656784041673873,0.23455735718076762,0.1987102325585662,3.1045075321370885,2.188194783856341,1.6514723864094976,0.8160158581584631,1.704387324753106,0.43605728183536474,0.33352555764444747,1.2798179643383225,1.7031933331276845,0.3534481048731192,0.3261678766790594,1.5033060787217891,0.9783594553109203,0.8532497332238519,0.9958023863153779,0.013750613179328328,0.21387003972874738
28,0.16782245277293667,8.041604124071396,0.11232274100019286,0.3694752008890679,0.056476247428691624,0.26002113946980787,0.20170467121223976,3.127398320477165,1.8887923283706565,1.5819391808133276,0.7051214075173685,1.709510454119118,0.5142537634784022,0.4188850891108857,1.2732369505190821,1.7021424191065164,0.3441373687972761,0.3132058623615648,1.5759378129939998,0.9783077684167341,0.9851458664680631,0.981563178038968,0.013818989816586297,0.22529700731417598
28,0.17919511261117896,8.016417496825419,0.11082806485267799,0.36589367841200293,0.05972585936003176,0.2503232883448646,0.2132291090304227,3.0982159820998674,2.004560180612288,1.4967268867854044,0.6941760302015676,1.7057422177599861,0.5849761594497781,0.373580457256165,1.2726460245030138,1.6948905305562658,0.33047820040229103,0.32076502464643375,1.5686283285836409,0.9783790466570998,1.0033177140230556,0.9726442287500704,0.0136263698935278,0.2226246878954163
28,0.18616252180607845,8.190948755497194,0.10776897838443177,0.3682628382834513,0.06526571725764178,0.2588107350125007,0.19989173106197447,3.2128182508904146,1.8275984790322048,1.6069065608319262,0.8588812174121154,1.7014565140198745,0.3887401955632743,0.30987899411845715,1.2446880245222127,1.6879586499001822,0.22397922256082065,0.3177640073064172,1.5724464951401438,0.9784032799420009,0.9590990517936532,0.9359856310664991,0.013437664659114406,0.22643603244163296
28,0.1883496886322004,8.118891171976216,0.1008554247714236,0.38861066479550227,0.06316164423927571,0.24918877346178017,0.19818349273201824,3.1690560599621866,2.107291055136261,1.6209324709802884,0.8542835192171933,1.7007406763317756,0.43046167663285473,0.32410428959312393,1.2618837028898224,1.6754652840443844,0.25374676795311285,0.33079027249986354,1.5242000539531533,0.9784129075795663,0.9800413979619812,0.8935807631962146,0.013741387621527556,0.22090512541602345
29,0.15183324535961723,6.997345120031915,0.2381190078094231,0.4088011289994039,0.16628866917339663,0.11222818085814179,0.07456301315963451,1.8694315610490615,2.5335320586842593,1.281170963500806,1.4453426318696574,1.2695393205343977,0.9174165173526934,0.49420488523583755,1.6336058884368565,2.444095602042598,1.3382556457425765,0.3374485081761687,1.569633989125009,0.8159926492138244,0.9704045956718191,0.9185352454645287,0.0217818594368512,0.128002911787844
29,0.1705003539377397,6.568483199998412,0.17885416969874177,0.3698203112532741,0.10422058611035301,0.27567806613641277,0.07142686680121843,2.8803198595691586,2.374390215537403,2.6911411517592327,0.5406202742682731,1.0754867972962316,0.37451115576085714,0.35082342045171416,2.4647687751455907,2.3227570180209343,2.0011379984810884,0.3593676989503968,1.5001916785101896,0.8302442622696624,0.8092465743367483,0.8902425467400957,0.05013852712280152,0.059751096421645
29,0.18353698051992298,6.750427412911352,0.22520199391270862,0.4394541197292499,0.1093541027955087,0.1624124174282311,0.06357736613430172,2.178099032803489,2.226812618299226,1.806930583811023,1.900245242008023,2.7134812967004898,1.0229864735255405,0.25390072815986897,0.6829273479882547,1.2346474110450996,0.12765326699776258,0.33760507788668087,1.6829694208549362,1.010405626173946,0.9942781995801078,1.0088911335195792,0.012346126159357056,0.23463506325948827
29,0.1879257228884715,6.396001213485961,0.0856097286520777,0.6070803538111202,0.07653236626032314,0.08704978663196807,0.1437277646445109,3.222088872399892,2.4044965771192537,2.7982713496320386,2.5286282937646716,0.6283150085452246,0.46512321705746007,0.1478174432881934,2.1989645820307353,2.2899094927805645,1.6639421660820386,0.41442460353231253,1.2180681197036798,0.8094113231649761,0.9227978161310828,0.8453689819327775,0.05094471194016992,0.06933702081637938
29,0.19554619093679523,6.549349898564799,0.19198929747754048,0.3551342776504262,0.07895653271047762,0.2869896459898082,0.08693024617174738,2.7226156793352625,2.267126589627187,2.852257698488141,0.32478777088151484,0.954230999022854,0.48216586342552303,0.3276057903766994,2.470337055051177,2.3688900245424316,1.9337951599136876,0.33256476102433274,1.5348262310524328,0.8294311977325769,1.0005750174329504,0.9463724119363502,0.04934968085451264,0.05976413333329702
30,0.17436068238033323,9.058385529746953,0.25903822746092364,0.4238365651082497,0.12845084585428176,0.06793518564640397,0.12073917593014083,1.6097276795016473,1.7739626511419964,0.6400347853250432,2.108808089197127,0.7395805894482124,1.3730828412192766,0.2509670478519744,1.5125304698959865,1.952449852105301,1.2529860237031112,0.3032514073015289,1.6847552556705514,0.8732654919497129,0.92927248203136,0.8189765044002807,0.09570759107782975,0.02814721757044627
30,0.18033009943703718,9.29106486289375,0.40271465936727846,0.4269132485144929,0.022939405340981975,0.08238729284815301,0.0650453939290938,0.5473133894870984,1.988312487785596,2.5999555195633453,1.2458351915797783,1.9184415786339164,1.6850740823472299,0.5643458586440441,0.9688346936783852,2.427225202664479,0.8719253271089475,0.33520448650892654,1.4603804092288963,1.0891360246688224,1.1364797669312383,0.854776704228008,0.10507896585061234,0.028448878916331598
30,0.18737527025745282,8.192130803394706,0.3830512339901969,0.44250997874279935,0.033813551462277026,0.06383882889771919,0.07678640690700762,0.5596544341652449,2.0943707334935344,1.8172307061078268,2.267768069982127,1.552729921527951,1.687507206107479,0.31590393849041043,1.09555874720461,1.7489308486661805,0.9301985926541766,0.3192653944928328,1.4402210974363916,1.1828153484505912,1.072783988760316,0.9657846894163093,0.11148385434200064,0.02633179536297951
30,0.19634159835250098,7.229304284418372,0.2574168001462444,0.565817147740007,0.11504095228455567,0.04803088483413959,0.013694214995053347,1.8863556170063565,1.4161206931832826,1.1092525196188492,3.4067572165615356,3.239628084222832,1.1790321889568076,0.33869169648429764,1.7234201713967805,2.196110916333503,1.1481610602350236,0.3612427813917984,1.6832213066267865,0.8904246202318875,1.0737396167836644,0.968962327023751,0.037342771456660845,0.06865450481536428
31,0.13394524882003395,10.22113294722152,0.17135565403541755,0.2971358809654719,0.1953663251284275,0.25058909540280533,0.08555304446787781,3.1508489115315763,1.4882537343424456,1.2866985893733567,2.009085253425551,1.623376548229074,0.3478076081119378,0.4517352128180119,0.13025202059249874,0.6240728034600502,0.8062457087060872,0.31336706338167525,1.5244931534854465,0.8275642063009913,1.0811460039929828,1.0278742001113548,0.01827771812881591,0.16624964006296267
31,0.14158287006429685,9.371582125899485,0.15290533412488375,0.3301404917728119,0.1632885354310843,0.2880571349928451,0.06560850367837506,3.139133685260004,1.6725844223278437,1.6407423291303422,1.9289280272746643,1.8128814035864274,0.38805405484073363,0.6918453955147007,0.25032341473372094,0.6330006159301416,0.6425113175374217,0.31935525874098764,1.5557277121369755,0.8391235288155142,1.096581911378093,0.9552884866973803,0.018347093542345944,0.16228809475805872
31,0.14234876325574475,7.764609512897485,0.20447352400341717,0.42563186114296137,0.05822052803967865,0.2908757855103144,0.02079830130362838,3.035320943419388,1.8847299555207968,2.835948088656396,1.6981586899433616,1.5010541612832105,0.4435337486524938,0.39122372370630343,0.6594947922645099,0.8513553916758532,1.4074323680139884,0.3365643858221068,1.5098082544340763,0.8839323119785284,1.1665884259045645,1.189336104514405,0.03168433216437152,0.08948102941188026
31,0.15791365575418762,10.44216658308728,0.08895938115244273,0.33158183283136233,0.13620813651549857,0.4053634409782864,0.03788720852240984,2.9701871921284884,1.585340302413356,1.3747933986852325,1.3923083683752107,1.3888620173924104,0.8936767882537271,0.24182424132311678,0.19278347440995328,0.8340144731561605,1.3782980562497091,0.336250775388489,1.6465377563469665,0.9185725565389327,0.9802727749584078,1.0221165468926303,0.015595195796658582,0.1735386362440166
31,0.16635128525836337,7.1362105877905595,0.19652025760923192,0.40959141965811197,0.057826035434486125,0.30902926014618076,0.027033027151989342,2.907106799639294,1.9573098542089276,1.8659697435180411,1.5169563439223164,1.3062500909689543,0.5534792947187681,0.5417997416682692,1.280067502622797,0.9699100958696829,2.0587834055871412,0.3157283757823108,1.5500940318002379,0.8999870069516307,1.167371616480213,1.1957252457201313,0.03474411583945763,0.09125931387451318
31,0.16743257621503002,9.371582125899485,0.1512255797672691,0.3265137057430486,0.16149471554567169,0.2848926592045052,0.0758733397395054,3.139133685260004,1.6725844223278437,1.6407423291303422,1.9289280272746643,1.8128814035864274,0.38805405484073363,0.6918453955147007,0.25032341473372094,0.6330006159301416,0.765039895626481,0.31935525874098764,1.5557277121369755,0.8391235288155142,1.096581911378093,0.986291108168636,0.018347093542345944,0.16228809475805872
31,0.17166648550741231,8.839273384432275,0.28670945050361935,0.4418051749775699,0.10319415856272278,0.11832064405208732,0.04997057190400065,1.8813955954511017,2.6855328648831196,1.3059133948976258,0.42599301054205513,2.2039039617524274,0.6951444923891235,0.2713826023573725,0.7946812334858095,2.461576545568933,0.38907705419152416,0.31113934351938594,1.4137523127450078,0.8561556298716512,1.0605440595618993,0.9933523273404553,0.07878264607295173,0.03768897341999621
31,0.1729738933155853,9.855893870105051,0.11387955440093782,0.2730072857936588,0.15448746437475036,0.4138304637601585,0.044795231670494484,2.9311713259322634,1.6892768760761343,1.4672293113782287,1.7854734058183752,1.9506056287837772,0.7671196339439812,0.46782768107368566,0.38236737202031196,0.6523787486722745,0.8117354141592346,0.3309593848517658,1.6842732527622124,0.9035985493730301,1.0561499135438654,1.1215426881988726,0.017056103003851592,0.16782155719198566
31,0.17738522353473674,9.172091737963719,0.1507853208498863,0.28737113575402046,0.15765656538665093,0.32325665889708105,0.0809303191123613,3.1614016588941154,1.7732713365816435,1.6676446203795907,2.0586783280620096,1.9875020585581742,0.36134313281051245,0.6998206871029045,0.2969864498095069,0.5032090410129243,0.5785553472037478,0.3226529176642049,1.5930956256519566,0.8395847234933499,1.1241804484488525,0.9626235114763635,0.018375840974016653,0.16148988798706038
31,0.18117257522104238,9.03386080123151,0.13007451717732285,0.2830184684889065,0.18428024918616315,0.3390833473588131,0.06354341778879423,3.1835513218402225,1.7912281714520992,1.4314742904991347,2.1707016481753603,2.055001135313905,0.43384756222883514,0.6587908151410127,0.365106687580871,0.4251516795221178,0.6845471046448497,0.32453432500231666,1.6107997756642292,0.8369335287074869,1.162408845193711,0.973239935857624,0.01869439839632577,0.16073205687060327
32,0.12033561623166848,7.415873004915255,0.14995539504341956,0.33155710194622845,0.15674611907722663,0.12402372057184297,0.2377176633612825,3.3962004327441457,1.9417140491444793,0.5769247063946668,1.2081749894638394,1.3758909965630002,0.14667337516261597,0.2564332692443526,0.6386111295141164,2.270736262323624,0.7251298613227412,0.34785172949744364,1.5980341392921467,1.1595300195224831,0.9197941763336022,1.173233311860528,0.019105765431658497,0.146525842863043
32,0.14649769272377688,8.735121191555168,0.20425820455492283,0.32926031100967407,0.08733210310644013,0.10166786308617695,0.27748151824278605,3.0701840490837213,1.5478619486555287,1.134983612880943,2.4688844462053523,1.3502295278234222,0.3861730427615633,0.227678493398427,0.4932542998405517,0.9174946613034026,0.7246520927424714,0.3076831773281758,1.5939960980159058,1.0590773093005772,0.9596544078652485,0.9578697522456139,0.018181276738110583,0.17795370779137787
32,0.1551508630133522,10.331118522493759,0.19507826248742713,0.3198549647517764,0.12930632340953563,0.07664599394154875,0.27911445540971214,2.883740945183414,1.5603580045491825,0.91217871461865,2.672747633351344,1.26233008276556,0.4956100805881186,0.398795972268495,0.49057328925389315,0.6489349304708265,0.6304522007600422,0.2654238728473917,1.661091784845819,1.0123122453636137,0.9396664735917786,0.876690420958224,0.01609868341401189,0.18061300933121247
32,0.16565745169887638,8.992416778027925,0.19929758714035573,0.3503029209443537,0.10828716011974819,0.09211734023287256,0.24999499156266985,3.0047800022080375,1.779484593107157,1.3081013393940895,2.3276616978292517,1.1230065398833218,0.42131305692211735,0.3328835184528823,0.48212398999133466,1.1415413655848647,0.7041832195872697,0.3046137311723723,1.6106942310736865,0.9772922510381407,0.9769272952052923,0.995764932876239,0.016736458270669188,0.17596247565048848
32,0.16634186265841375,9.738898045093968,0.1721097373176287,0.37967673229994003,0.11202979208993036,0.08634735221435402,0.2498363860781469,3.0613168054983046,1.5882370704753852,1.389695799617106,2.458638363983489,1.0557573346117881,0.43025534577952007,0.1864317562422288,0.2541012964168832,0.9932549141382003,0.6857755537213489,0.29815628590003745,1.6161014468921577,0.9223675208908887,0.9607028837495243,1.0195765297783876,0.016940696686357688,0.18729243033386095
32,0.17167015951024153,9.749482582204207,0.2419466115334885,0.2953178985843358,0.1503347936673912,0.06678179413955691,0.24561890207522738,3.0098015584323004,1.6061224619843926,0.8325738160100326,2.7463414846560834,1.3564948587827248,0.27380730476470533,0.3720180015323032,0.5496141223006008,0.6655681709222822,0.44300550509074743,0.26822235468556155,1.638726533549043,0.9644013262095625,0.9531084494435047,0.9326100424434107,0.015906997007992283,0.19506773210417944
32,0.17888698426267494,9.889855431320527,0.16915742498023867,0.3488407161293939,0.11037489652616497,0.08255188928086934,0.2890750730833331,2.9726212349895795,1.5785212330877758,1.0049392138962938,2.500153846357439,1.352336519496273,0.502941277464506,0.3471242457656262,0.5546067164280544,0.8038745347328233,0.6386390870317856,0.28965063581691186,1.641050114472175,1.0483544794501993,0.9537437502772664,0.9346989923091771,0.014984085545058104,0.18643527005534832
32,0.18033299138973208,7.244786142491867,0.16848895632664068,0.30968600395082135,0.1284230950364663,0.11625208674891267,0.27714985793715885,3.119694962271439,1.8990505664099089,1.3773041816769473,2.3474244584901305,1.1438847196662987,0.3445058643945348,0.37577070090370474,0.387963858828288,1.192263391658493,0.7457235452439415,0.33658692892411757,1.6623388134518666,1.020075495504709,0.9590219175986939,1.084602935115339,0.014700876217651558,0.19043627782584632
32,0.18114905180032273,9.046211745823356,0.22537505126816695,0.31754065157242,0.10699974562437918,0.09330680392797615,0.2567777476070578,2.9501361287633,1.6085626805096138,1.1608016501474092,2.348345078051993,1.2890912584881746,0.469908607741469,0.359700315187124,0.39194463254280393,0.9822505071993619,0.6168894189854733,0.2937557123424896,1.6320284750934817,0.9428827461880014,0.9609201875595794,0.974177665669391,0.016636680048330445,0.17683483068162112
32,0.18501513221014912,8.852870641339802,0.19130794688965674,0.32535028495740353,0.11275166198238452,0.09974261832832773,0.27084748784222745,3.046833942360035,1.6939986883064433,1.2978376997088807,2.2766598497644126,1.330289137559814,0.43311911545361376,0.25788666650691006,0.6339472359882274,1.0764621549436348,0.6956549434412836,0.3031911325216908,1.6170367816702134,1.0573753998322566,0.9420066970331136,1.0009461454110429,0.017215884565825568,0.17555569758760478
33,0.15852349963439283,8.001675649385037,0.05483835947261027,0.5201273139566999,0.17868667355871212,0.08208169670062998,0.1642659563113478,2.3309045683435405,2.2238605795816255,0.28959088834797675,1.866694284980276,2.230850138312921,1.604831842928421,0.3245791212976774,0.2729332083983984,2.320622507342014,0.2946801367058628,0.4054486689582576,1.3901696441927864,1.0306174571349305,0.8402367759691337,0.8000137771917494,0.08616490762527945,0.0329914124084229
33,0.16550753560781434,10.187628997973118,0.11375462948606185,0.3871240145420025,0.04943794667886984,0.4365753353064025,0.013108073986663195,3.306154743979006,1.715250911639328,0.6339338023221064,0.7829910502165198,2.5709998145234896,0.3300129601487289,0.32277450319951584,2.4922195884418477,1.294920727283961,2.118834934529513,0.28437378772285415,1.6672727651958152,0.8224658024756629,0.9655530285939408,1.0221542039006086,0.15022832328967853,0.019446186836000613
33,0.16738740350885492,8.87996151592117,0.10963699761224907,0.4938548165836966,0.20229286162776278,0.0673382015073356,0.126877122668956,1.8584590996807118,2.135256554084984,0.7954964882171223,1.8947342686574182,1.872739484606904,1.9978972646907156,0.48199836236250604,0.501328431573502,2.151137718228151,0.5150819188172074,0.3699398438741027,1.607967188013618,0.8798627249486355,0.8649474835151815,0.8126624716963147,0.09121386867403132,0.03115563397155928
33,0.1701967825497603,6.3653348613524825,0.2719295770722536,0.44498461906075826,0.14016047532692955,0.11986158881850473,0.02306373972155373,2.2123830231830937,2.152544930805775,1.1730658446603428,1.863121617340659,1.2430585903318891,0.968885432499828,0.1459629095981243,0.5455527220991518,2.4688717432339082,2.0232468765131557,0.3649168301617292,1.6650727798668608,1.078655514730681,0.8075629268348566,1.1750619461289151,0.011633667358293315,0.22030813560659523
33,0.17253954947457864,11.832964284756983,0.2893997536011568,0.28399928844195066,0.10305178450751652,0.042870536137676905,0.2806786373116991,0.20358189203732305,2.5963573545926213,0.20197783811677364,2.5320636218131356,1.5694559838870712,1.6257920409261835,0.39528331775304026,0.2996774477565238,1.5134723390787246,0.38230154199753247,0.3607907467420969,1.5188834828759865,1.1715927355921756,1.0057007644438096,0.8041016947251522,0.009540674608756202,0.29532255581433825
33,0.17322785660257392,8.174274557508472,0.04883606886773963,0.5115597303984385,0.18968702443973354,0.08744208852826778,0.16247508776582073,2.274834206611709,2.24019851266267,0.48995929254483706,1.6854974750202993,2.0696944433367013,1.7103262497761367,0.4015697363251922,0.10409292030606865,2.3065762130294547,0.14035855954286847,0.39976917297227627,1.4200780131528747,1.021920394942623,0.8392204234796498,0.8042573223740663,0.08509001085320618,0.034037369413952426
33,0.17610435977918532,11.861481098874085,0.21685976233119936,0.2998357752921181,0.13554953888597573,0.052654639954887256,0.2951002835358195,0.4479494889795098,2.3963851911250424,0.37533749177501563,2.4715576742212915,1.6195392507926367,1.611264406392053,0.6394237251981831,0.4511287013849933,1.6816260811887287,0.10183847738979089,0.3664783999044586,1.3814239802760142,0.9648010023886296,0.8425391126090469,0.831095578300903,0.010903052269995946,0.29692894455056823
33,0.17719066878951462,11.826966442033193,0.2672074922924588,0.2921674721743288,0.09283102056042118,0.03690699497058794,0.31088702000220336,0.2971286982942748,2.766194478180126,0.2814969004377982,2.4953345820417634,1.5601495018262137,1.5560586649296444,0.22368474594036936,0.2706217007189813,1.70518625203459,0.18391740196230277,0.35468113026755804,1.5906816181255539,1.186485199994074,0.8695517698355517,0.8183288208735845,0.009320811060565804,0.28934488501057093
33,0.17806345301950763,11.794545879451592,0.29508455048269483,0.3079957032516573,0.08551743961598883,0.044879360212163114,0.26652294643749586,0.4280188095780284,2.5496365474343734,0.2575265216751005,2.58116942446896,1.4800628208442275,1.6666673763756825,0.24781129849152717,0.3938158591822546,1.2148043804254964,0.3782209432252222,0.3720493977966766,1.5483824581788275,1.1260775073156637,0.9707830862837471,0.8238076663199226,0.008948356080929507,0.2838183444194519
33,0.17844310666806504,11.847703951158925,0.2486538377167678,0.30627032353734873,0.09652519435742463,0.0390538738250773,0.3094967705633815,0.3351329953308922,2.7094992790097026,0.26406985230129126,2.4589771882152363,1.4736359688004093,1.4974584263651516,0.2162396921400597,0.2624548363937157,2.081983579881183,0.27521103749395187,0.3477657267837572,1.5431503255618852,1.1887754964801136,0.8611509703174127,0.8321700286054331,0.009246030196589287,0.2958759755356073
34,0.16762554966178672,8.198730198405263,0.2976801979010922,0.40081435019247025,0.11176360430765946,0.1572888485207997,0.03245299907797846,2.984843657441327,1.1165248896851112,0.8130176336253087,1.1529180671899373,1.5811981250976295,0.26444550858110827,0.7699301495925472,1.7764680948377125,1.6445083010626682,1.978227113638306,0.27405176126208297,1.666245399165505,0.8602553332431656,1.1537155096381564,1.0213864731803517,0.08135556609055808,0.041341271438344596
34,0.16829768342718948,7.7530741503414085,0.15651026364140097,0.6507415418540443,0.038614730435804816,0.11403271023173227,0.04010075383701738,1.2652785829239959,2.5021379503775214,1.5367840396866375,1.3663028922588552,2.133416746618195,1.4079807195069174,0.3384306770971093,1.497990384251165,1.9933956081916742,0.6823588554126214,0.391033662353796,1.1685561687129506,0.8748900386714356,1.1104898165657642,0.9892215571921225,0.027708420617056403,0.13432836982384405
34,0.17047675139652538,8.742121129141836,0.15321470218639882,0.5363550856473425,0.08840224312202649,0.13873421565855618,0.08329375338567582,1.2400632617647527,2.5091105053663263,0.6382802620838346,1.04304169423179,2.1091838382012003,1.4019753191567605,0.3918053366178869,1.6841712874702313,1.981982723680332,0.47555907094809996,0.3871078943284477,1.1568684619620992,0.8168960661488381,1.1203651970102706,0.9892560197022565,0.033451808558488796,0.1098533118154345
34,0.1717566075543436,8.781520009249043,0.148769895799693,0.5818637226763765,0.081361243272012,0.09951388429960947,0.08849125395230902,1.389453359333943,2.439392830282639,0.8833706614384786,1.4773394564268472,2.1097506298782096,1.1771068728235714,0.42841237500827434,1.6827214955010041,1.964266607206024,0.45278086722889027,0.38885161637409477,1.1431529371606561,0.834962277416157,0.9712934392686541,0.942010862335112,0.02900183517395264,0.12094792554937502
34,0.18000868431670497,8.638063234852595,0.2389506917164761,0.45673687995780593,0.08302906682653548,0.20464478137499648,0.01663858012418602,3.086102792862437,1.1434570327578975,0.7984103547316204,0.9011473752223661,1.6121465929736838,0.20834302279488703,0.4250789555668151,2.4579545312746567,1.6676593735349328,1.8375051723863862,0.2711592636906095,1.6749977749011404,0.8598448447933953,1.1246073501278404,1.0139358214430512,0.06858605965242476,0.04569542491840018
34,0.18170554033637235,8.532725408355432,0.25396905940219205,0.39377844891555025,0.1031585552179646,0.22732866307628471,0.02176527338800828,3.0560714104113207,1.0984569292118231,0.7149925567782922,0.6166922027364832,1.122550840245525,0.17981861848231667,0.1104651415542626,2.406815787153853,1.6569138585428196,1.974734138383408,0.2859895326717394,1.6649997064918587,0.8014055705330899,1.1022271336591474,0.9749770789144295,0.06713199225683456,0.050179825606669275
34,0.19028070458661972,5.183022230799905,0.07355589526244959,0.5824727690610649,0.19166505508759826,0.062383292372234916,0.08992298821665229,2.6895343625697814,2.0463402932479036,1.0086318626344704,3.322881089780894,0.7759754024841449,1.603258681925376,0.651278997173552,2.066266920708465,1.5165816832181418,1.7677926058416225,0.42644670137742496,1.6176823405407115,0.8695977530663601,0.8267107690916483,0.8938219286047688,0.024746421873120844,0.11289699349978176
34,0.19077780594552682,8.450024632021716,0.27371928893301856,0.39541204069796815,0.09872212752399097,0.20598789245247023,0.026158650392552177,3.0146976624202626,1.077616194068258,0.8572374483652656,0.8118659417220722,1.3402867667436504,0.2116232540284696,0.37684628137249176,2.007734658921812,1.6184843927088333,1.9627282983982879,0.28005947759962685,1.667398853969315,0.8258293299238538,1.1188630113254656,0.996085716054343,0.07160622524488768,0.04687232223821147
34,0.19372304064184043,8.666076442875058,0.2321975902050689,0.44489562102924074,0.08013685811339713,0.22425939029728675,0.018510540355006336,3.0876595958138924,1.1397584374717529,0.4486514475644938,0.9220015933834793,1.6097930337879067,0.2634288260344786,0.4272326334370331,2.4701519762587925,1.6282475512530874,1.8832202604694699,0.27224192394021546,1.6777152172809937,0.8753099266754791,1.128687519750256,1.0140920203880723,0.06859606749486234,0.045297598803052876
35,0.17638619794025906,7.9922080719118895,0.15195513130694502,0.4435936083025329,0.13495288468866243,0.17541541360132143,0.09408296210053832,2.608808177190217,1.8521230723777027,0.44908572196856944,0.8771027656918727,1.8361204650646785,0.6952867900291703,0.8721892276711836,2.3290948242787883,2.160196503685031,0.9464625359591428,0.39740989771055585,1.5567211477020855,0.9118470565199989,1.0919720050547963,1.1564566062274386,0.03993296617928999,0.06424021581476921
35,0.18335461776136594,7.301817706130772,0.19602701391520108,0.40960367140628734,0.15835026248431455,0.1668924715942572,0.06912658059993988,2.2596748556524755,1.9629457902357252,1.0994032147566564,1.0217119744317305,1.850611000170903,0.7273410549941226,0.8704670228504895,2.2817605122219238,2.1968488409451936,1.3997615595310506,0.3827423725705093,1.5617348218169864,0.8997929467332803,1.0891764767591239,1.128391130111178,0.04162834855404134,0.06550600809558342
35,0.19329767441628923,7.00097463960776,0.16513596259791208,0.43347015606289274,0.1245618027048044,0.09498015661055446,0.18185192202383646,3.2400551620955023,2.441596465673738,2.1177718040009523,1.4498232807249365,1.3194064267552583,0.1583036928244877,0.44657793494801384,0.5096332071018069,2.4001641285276114,0.779495714818243,0.3083349328498426,1.6108455041279306,0.8739561980007486,1.0771405874226507,0.9430774321313709,0.18138924423381209,0.015924335641393287
36,0.1646514915432125,8.455547820723632,0.2601851737614723,0.41809093309824574,0.11315554406237019,0.09026414589528255,0.11830420318262926,2.7810872225535603,1.9328358229728937,0.32622330141839073,2.241845294270306,1.7208575547133846,0.38353700794787665,0.39073059298522916,1.5869475687294916,1.6840527060328758,0.6132285985462449,0.2466565409154425,1.4702914515271006,0.8174700513568519,1.033407331961137,0.8067990853012033,0.055943570204305265,0.06085547274994751
36,0.17815657243932678,10.025494226470343,0.22572977381558104,0.4162351729663486,0.1805170873527294,0.10034876493668464,0.07716920092865638,2.813347415522353,1.7970337108356582,0.20827440417779505,1.6710436294802806,1.1817932067812058,0.5172291417541472,0.33616884854401813,1.1863661908716412,1.1484049799323206,1.025353697814623,0.22941762044098693,1.3127743980697233,0.8500234395881404,1.1003244377483161,0.8562700001488736,0.0556196114221117,0.06373663542840807
36,0.18988924507805052,7.309173354463574,0.3210839277967413,0.3910264296619355,0.12963659340499498,0.11229665366785095,0.0459563954684773,2.9400701878410698,1.8016468166175925,0.3684435941588974,1.6885925237566106,1.2319559204222938,0.17989185243111064,0.15002305488406698,1.499359524743773,1.8869363519121254,1.4524270681413167,0.2343416762671359,1.3781148449050264,0.8464783759512188,1.092568623116696,0.869806873543868,0.062228023084696986,0.06288653307889192
36,0.1919372348058462,8.057166661369422,0.2666043812457135,0.43962057086370415,0.08933842502518008,0.053878395264770215,0.15055822760063212,2.5114740080819233,1.9324151637456235,0.8940776052721078,3.2253389546267517,1.9230685501103582,0.6721571915618212,0.2805232598521061,1.165988391201533,2.1067235746773063,0.1615067008917166,0.27239888891011305,1.2187793116728982,0.9317457245993968,0.9498062562771594,1.0809011798681654,0.13499268227565922,0.02823820394533349
36,0.1931440060878894,8.221611716158819,0.263867449993787,0.40902367225903574,0.14019661853055568,0.06291198893445865,0.12400027028216297,2.7885667644282246,1.9987092568354416,0.6331267397437077,2.7518512302188474,1.965232108661031,0.519299578365873,0.39083679782011305,0.8969349719826425,2.371684313466159,0.4157747014368797,0.2908642145943392,1.163214082297537,0.9230912817670858,0.8840593403002521,1.1675934630543856,0.1288642966965489,0.02959582930833425
36,0.19668455423834397,7.7911142139799345,0.2328452930463746,0.42201492775542215,0.10766407524929221,0.047001189591676,0.19047451435723506,2.9612457624375748,2.0665690722700383,0.6719607993254165,3.2594637104420876,1.8182624698664764,0.4298990309543653,0.22868850650950834,1.2670928311885092,2.2014701241335084,0.2949036771166803,0.3210131379771028,1.2770121903299456,0.965285756434759,0.9192938209308322,1.1891331003571775,0.12448508083873842,0.02899260104198188
36,0.19717571630140698,9.959524100636738,0.3745206840101819,0.3403350455326804,0.10395292684361458,0.030088351345422714,0.15110299226810042,2.5222769836560555,1.6438145677207263,0.44439143322612734,3.064558064032746,0.6924029497738521,0.5467289291451628,0.492699086903296,1.2853709323955256,1.5368834567071366,1.2276133912006928,0.24684522884769802,1.2761542356895508,0.8481849224657674,1.028403584792893,0.848232337529037,0.06796337313305398,0.06061845377726919
37,0.19040431937416613,11.853102535099449,0.1349901101766225,0.3807777704034549,0.3185591668815135,0.13568417021567938,0.02998878232272957,1.1337000287185968,1.8088701768453332,0.26626244462298876,0.5595690275387459,1.0961110375490715,2.185702505152713,0.5598271951881624,0.5660021594859814,1.9727626393462074,1.7930872499722599,0.36793641683050504,1.5570464692696857,0.8499592360787485,1.088742946472131,1.1601459392625364,0.07566814922761077,0.03459613278050659
37,0.19305512737297506,8.162279233916752,0.18668752990677978,0.4516917231468247,0.22262394096221544,0.0944177250757017,0.0445790809084782,1.3898058517495515,2.1861997953382954,0.6604181474670994,1.6689670157666652,0.7915363694034974,1.9995222394271912,0.2791271466141729,0.6915663141495457,1.821057705349489,1.564265851148432,0.3701808833784513,1.5516856440602778,0.8177305546991883,1.193674202542797,0.969781811326787,0.028881235059100605,0.09022679080478573
37,0.1957265905340683,8.842964614581344,0.2015209651509893,0.31447243810096953,0.021714937384975274,0.4359246035176263,0.026367055845439562,2.8941799106026758,2.1391742873949404,1.9275022676879687,0.4814840957153057,1.0546774249758948,0.14520750374038158,0.509705341912196,2.414949382109253,1.7839705640614318,2.24488150448584,0.3060139096298174,1.537683845734206,1.116895722252941,0.8097586039329582,1.0162033990337682,0.016896360314249077,0.18005681060311302
37,0.19912916107382853,10.341052503878714,0.37452318971757453,0.3062852206660142,0.0950164461816327,0.21705956536806312,0.007115578066715476,1.0438478511421105,2.422771726952078,0.20721867208278733,0.7531450692590292,1.5190104889856506,1.217052162144698,0.51257108726361,1.9968607544409585,1.6891738582467246,1.9608572131310928,0.2769098672348789,1.6967222744078116,0.8428166957874123,1.160566007764626,0.9718543242110966,0.05354735519692408,0.05278785920218414
38,0.15464015840403686,6.093027141010461,0.3022709890635824,0.46577983549594926,0.09179983599585041,0.10571989109361027,0.03442944835100774,1.9201113108999852,2.561264826563709,2.13322152130587,2.070588150833959,1.9914637093726693,1.0278420421278676,0.18404463724205364,0.6926577432700802,2.3241796111456847,1.7576256207141594,0.3715096500915709,1.6277764708083786,0.9355603933616244,1.078349984585415,0.9350910035201908,0.014745696483362918,0.17526032854103915
38,0.17179416058053357,6.0590732118739,0.21849995333203812,0.5237410882548633,0.10890561951299979,0.10153124121491867,0.04732209768518018,1.8003397867950424,2.518645675133808,2.007088712118505,2.0879511431493056,1.6536478436481519,1.0826413579744625,0.27610630551081816,0.40999072393492,2.4709430656329308,1.4708140082268577,0.3588725071337254,1.6253392361904564,0.9376192264549039,1.085047915194875,0.8617573360335171,0.01482932622474453,0.17762961227602742
38,0.17973808482420175,6.033988088767225,0.22690002554447147,0.5182438366050118,0.12046415191224857,0.09296373329649248,0.041428252641775576,1.801022094309612,2.719367236918508,1.9628991509391436,2.0950454689586913,1.3487826033136232,0.9840062509830559,0.2927159934937198,0.47569713556473836,2.2782966280409997,1.5108075721154535,0.3571923439413599,1.6277180022466249,0.9106916635951195,1.0804207338400251,0.9989164322725034,0.014201597795671709,0.17342333164598403
38,0.18751071460230373,6.0276735588151285,0.17946076387292512,0.5545986608120338,0.12493882503657738,0.09473628538012609,0.04626546489833756,1.7370027252756137,2.6027317274038113,1.7865726366077619,2.1009586572384666,1.7479795134050757,1.0732639601547809,0.3339026751014123,0.6358205380504073,2.446540408475547,1.3395449447819878,0.35125791257687694,1.6253081399501856,0.9055539508993211,1.085572643837947,0.8957026018025751,0.014539949797208905,0.17665261378124925
38,0.1883952804955785,6.105587521493455,0.27750679592154004,0.4841957542412836,0.09656979210432562,0.10589053117728449,0.03583712655556622,1.8941650174239675,2.6080906030775477,2.1412783233902877,2.068682282547837,2.1599884236206726,0.7584081029878604,0.19048885537558158,0.6983721862106234,2.238014155107361,1.665271247901292,0.3786494996696941,1.625385301035353,0.9895370845095478,1.078052725771184,0.9287898438989467,0.014401100070899842,0.1770165148222137
38,0.19236355797973217,6.115622334511846,0.3150346795773777,0.4310358590565242,0.10385363404952519,0.09705320160346548,0.053022625713107466,1.9531278543202957,2.604613979674101,1.681644710460781,1.937239981752927,1.0750575586637816,0.9951635436681642,0.3112242612180675,0.5499036841028633,2.3477067715724496,1.9372096365867264,0.33131969561834174,1.675561136961052,0.917922598941349,1.0833012822728352,0.8839599531069195,0.017703683130068107,0.16657449922973958
38,0.19327012630649182,6.319339975702497,0.21303397417858935,0.4729913057031462,0.1077535234031066,0.11821376599131944,0.08800743072383839,2.6765612134416195,2.495674704007436,2.0785695582855093,2.058318413945844,0.990101508193043,0.5671280148762077,0.29012724687148844,0.41589860632454173,2.4261008520503364,1.5487880636910332,0.34837523588619357,1.6427397945450588,0.8941700896471759,1.0495942203689297,1.002549471071428,0.014634461041591662,0.17766711345534786
38,0.1955669794557226,6.0590732118739,0.2173337067526105,0.5262061660034693,0.11951019323992688,0.09552217893556324,0.04142775506843018,1.8003397867950424,2.7326526376532887,2.007088712118505,2.0879511431493056,1.6536478436481519,0.7238717836491385,0.27610630551081816,0.5274383297443024,2.201864941979628,1.4708140082268577,0.3673695148819105,1.6253392361904564,0.9699440905123117,1.0796841793313898,0.9790751320562612,0.013972428304310607,0.17556922461174893
40,0.17704623856891843,9.154550276223372,0.15203306099519703,0.2958017137672721,0.07344500634999987,0.11403611357428646,0.36468410531324463,2.157751123353218,2.439640268828501,1.564015973483027,0.7346236252001063,1.468898576511194,1.0436720711430096,0.261408799338869,2.049616614538842,2.4688190447876313,0.26068647368698417,0.3498824243125325,1.6990460066124489,0.8367806226932176,0.9541799882696739,0.9011668517846488,0.0504447324070673,0.054786512414711705
40,0.1874984245480742,10.736041693838231,0.20548092175587465,0.3071394894609069,0.06664778285405913,0.10844144682481306,0.31229035910434605,1.9838613231720474,2.213988021059742,2.356314796767042,0.5937209276463185,1.5378325880303658,0.9616103026271124,0.2855329858591197,2.0973568328172876,2.4936185867650655,0.11904924822940785,0.3407323333855434,1.6982252285904504,0.8330982185377273,0.8347482284294059,0.8426308570854149,0.03615685591990097,0.07130722699659599
40,0.1876316043408199,9.59276056135354,0.20527688216263384,0.328803547307552,0.08004591137999062,0.12471204121238182,0.26116161793744164,2.2416682274417,2.3299859798543663,2.1915527612390693,0.46732405973183405,1.447199216989394,0.9172356842055304,0.35804044006478813,2.0260089155003347,2.296419352885538,0.25581116081918975,0.30502378599241214,1.6348838844769304,0.8336088254215347,0.9081502928446342,0.9321825597721006,0.05104258015284122,0.05845857281118672
40,0.19257346254817395,7.596547625361087,0.14208398271678446,0.3430415424052147,0.2373194534303296,0.26421241989865274,0.013342601549018552,2.24108745197931,2.5688478450556267,0.4612140209773292,0.21313885273733163,3.450343760670862,1.2154726160186775,0.13057286226196152,0.6799480613952601,2.4303848051557044,1.9282026127953478,0.3744526214819036,1.6889232441291926,0.9325269675051361,0.8578640945712231,0.9251445541449745,0.13149734024666318,0.020280306472958743
40,0.19480974304301024,10.485290821556001,0.20668039800863525,0.29528918911087915,0.07409647445207562,0.11384386335737043,0.31009007507103953,2.0776811865395635,1.770169718482878,1.2368965931339613,0.7338927254796981,1.37837795781014,1.080173542499359,0.33080339877015574,1.6157384025007364,2.372508612577557,0.1446408952391767,0.3316772081682016,1.6872924873315975,0.8194724321703717,1.008538266894334,0.9092165596259629,0.043308813365167446,0.05947520161147005
40,0.19604879870300143,8.474559221942794,0.2399358690411077,0.27263328377914914,0.05608979416515386,0.10731407079062744,0.3240269822239618,2.0705621685245257,2.4170585519815084,2.5166134145204113,0.6666569727552254,1.5943984822554709,0.9723532741713907,0.32505933392751596,2.228930896564602,2.470876457334716,0.2774743093984079,0.34385452607140804,1.6962874332082731,0.8399397235723325,0.986818338326729,0.8720883772069571,0.05644591021362225,0.05079232427619768
40,0.19829325340068885,9.22365541867272,0.3001856228805152,0.2842366953949295,0.05597176142979906,0.12302453700042157,0.23658138329433465,1.5544529171753374,2.335275139805852,2.957040398875808,0.6034001935641428,1.968632313639123,0.9321866916538981,0.244666104409481,2.415319759331759,2.342330930192238,0.15390530439733144,0.3492045895670766,1.6562932845499376,0.8037931241553384,0.9578915501965904,0.8650998421688866,0.03974271041201424,0.0697695137322733
40,0.19830324863786244,8.652128193073606,0.19689664071057364,0.38582410049093785,0.078245018012444,0.12855098301166848,0.21048325777437601,2.112184149055056,2.346940057923411,1.4645478741302909,0.47604397829079664,1.758734490540593,0.8515866897290557,0.5650890862447122,2.4970214052637916,2.495819626902427,0.10334101963254451,0.31543086906019796,1.692271175758336,0.8585509747181274,0.9285145825906816,0.889236754121689,0.04717089795291974,0.060051214458414874
40,0.19852333632535163,9.270308444749954,0.14082555464709987,0.30377173603760194,0.0507487956317829,0.13915738688107684,0.36549652680243844,2.219242474284408,2.5673317321836064,0.9786181714420299,0.6976251860711026,1.5484545373988274,0.9859863859365954,0.1438309319365932,2.0696145684946083,2.445382251915889,0.2830349474827003,0.31715673172613834,1.6849109980284294,0.8378397068335104,0.9944688832662556,0.8643009759930819,0.05193782145242866,0.05266478668630844
40,0.19940395112763268,6.184120905237946,0.1307044202139764,0.3686114865475345,0.2527756890722641,0.2188029811539644,0.0291054230122606,2.6655902786822008,2.641876163496761,0.7295756307633935,0.8298640269424122,2.7964370863839703,0.6126639895683771,0.13315710336916714,0.9726005343685906,2.318930112333199,1.8564041074668687,0.40582286410029983,1.6715136522153216,1.0024146260868916,0.863953278088001,0.9641767985027102,0.12407284456439621,0.02052933953457186
